Date,High,Low,Open,Close,Volume,Adj Close
2017-01-04,40.25,39.0,40.25,39.5,4542600.0,33.218204498291016
2017-01-05,39.75,38.0,39.5,38.75,6546700.0,32.58747863769531
2017-01-06,41.0,38.5,38.75,40.75,7657000.0,34.26941680908203
2017-01-09,41.0,39.0,40.5,39.75,5710800.0,33.42844772338867
2017-01-10,42.0,39.5,39.75,42.0,5455400.0,35.32062530517578
2017-01-11,42.75,41.0,42.0,41.0,4405000.0,34.47965621948242
2017-01-12,41.75,40.75,41.0,41.0,3262400.0,34.47965621948242
2017-01-16,41.5,39.75,41.25,40.25,4577300.0,33.848934173583984
2017-01-17,40.5,39.0,40.25,39.75,1903300.0,33.42844772338867
2017-01-18,39.75,38.25,39.75,38.5,5010400.0,32.37723922729492
2017-01-19,40.0,38.25,38.75,40.0,4739500.0,33.63869094848633
2017-01-20,40.5,39.5,40.0,40.0,1077000.0,33.63869094848633
2017-01-23,40.5,39.25,40.0,39.5,1560100.0,33.218204498291016
2017-01-24,40.0,39.25,39.25,39.75,1832400.0,33.42844772338867
2017-01-25,40.75,40.0,40.0,40.5,4246600.0,34.059173583984375
2017-01-26,41.25,40.25,40.5,40.5,3828800.0,34.059173583984375
2017-01-27,41.0,40.25,40.25,40.5,720900.0,34.059173583984375
2017-01-30,42.75,40.25,40.25,42.0,5920700.0,35.32062530517578
2017-01-31,42.5,41.25,42.25,42.5,2886400.0,35.74110794067383
2017-02-01,43.75,42.0,42.0,43.5,5576800.0,36.58207702636719
2017-02-02,43.25,42.25,43.25,43.25,2995800.0,36.371826171875
2017-02-03,43.5,41.5,43.25,42.0,3908700.0,35.32062530517578
2017-02-06,42.25,40.5,41.5,42.0,3379500.0,35.32062530517578
2017-02-07,42.0,41.5,42.0,41.75,2357000.0,35.110382080078125
2017-02-08,42.5,41.25,41.5,41.75,1677200.0,35.110382080078125
2017-02-09,42.0,41.0,41.75,41.25,1848600.0,34.68989944458008
2017-02-10,42.0,41.25,41.5,41.75,2554000.0,35.110382080078125
2017-02-14,41.75,40.5,41.5,41.0,4136900.0,34.47965621948242
2017-02-15,41.25,39.5,41.0,40.0,5144300.0,33.63869094848633
2017-02-16,40.75,39.75,39.75,40.75,4702900.0,34.26941680908203
2017-02-17,41.0,40.25,40.75,40.75,476700.0,34.26941680908203
2017-02-20,41.75,40.75,40.75,41.5,1613400.0,34.900142669677734
2017-02-21,42.0,41.5,41.75,42.0,2355700.0,35.32062530517578
2017-02-22,43.25,42.0,42.0,43.0,2776900.0,36.16159439086914
2017-02-23,43.25,42.25,42.5,43.0,3133600.0,36.16159439086914
2017-02-24,43.75,40.5,43.5,41.75,7885000.0,35.110382080078125
2017-02-27,42.25,41.25,41.25,42.0,2257600.0,35.32062530517578
2017-02-28,42.75,41.75,41.75,42.5,1830500.0,35.74110794067383
2017-03-01,43.75,42.5,42.5,42.75,3210900.0,35.95134735107422
2017-03-02,43.25,41.75,43.25,41.75,2844800.0,35.110382080078125
2017-03-03,43.0,42.0,42.25,42.75,2535700.0,35.95134735107422
2017-03-06,43.25,42.0,43.0,42.0,2705900.0,35.32062530517578
2017-03-07,43.0,42.5,42.5,42.5,2420200.0,35.74110794067383
2017-03-08,42.75,41.75,42.5,41.75,2876600.0,35.110382080078125
2017-03-09,42.25,41.0,41.25,41.75,2840200.0,35.971988677978516
2017-03-10,42.5,41.75,42.0,42.5,1657700.0,36.61819076538086
2017-03-13,42.75,41.25,42.0,41.75,918300.0,35.971988677978516
2017-03-14,43.0,41.75,42.0,42.5,747200.0,36.61819076538086
2017-03-15,43.0,42.25,42.75,42.5,724200.0,36.61819076538086
2017-03-16,43.5,42.25,42.25,43.25,2142500.0,37.2643928527832
2017-03-17,45.75,44.0,44.25,45.5,6863800.0,39.2030029296875
2017-03-20,46.25,44.0,46.0,44.5,3974200.0,38.341400146484375
2017-03-21,46.0,44.75,44.75,46.0,3527300.0,39.633811950683594
2017-03-22,47.0,45.25,45.75,47.0,3727100.0,40.49541091918945
2017-03-23,48.5,46.25,47.5,46.75,5026400.0,40.28001022338867
2017-03-24,47.25,46.5,46.75,46.5,1856500.0,40.06460952758789
2017-03-27,47.0,45.0,46.5,45.75,4181500.0,39.418399810791016
2017-03-28,47.25,45.75,45.75,46.25,2389500.0,39.849205017089844
2017-03-29,46.25,45.5,46.25,45.5,2240100.0,39.2030029296875
2017-03-30,47.25,45.5,46.0,47.0,1929800.0,40.49541091918945
2017-03-31,47.5,46.75,47.0,47.0,2014600.0,40.49541091918945
2017-04-03,47.0,46.0,46.5,47.0,1827500.0,40.49541091918945
2017-04-04,47.25,46.5,46.75,46.5,1135700.0,40.06460952758789
2017-04-05,47.0,45.75,46.75,46.0,2255900.0,39.633811950683594
2017-04-07,46.5,45.5,46.0,46.5,968900.0,40.06460952758789
2017-04-10,46.75,46.0,46.5,46.75,596500.0,40.28001022338867
2017-04-11,47.75,46.5,46.75,47.5,2451500.0,40.92621612548828
2017-04-12,47.5,46.0,47.25,46.5,3274600.0,40.06460952758789
2017-04-17,46.25,45.5,46.0,46.25,1434700.0,39.849205017089844
2017-04-18,46.25,46.0,46.25,46.0,1351400.0,39.633811950683594
2017-04-19,46.75,45.5,45.75,45.5,2187200.0,39.2030029296875
2017-04-20,45.5,42.75,45.25,44.0,5729700.0,37.91059875488281
2017-04-21,45.75,44.25,44.5,45.75,2565600.0,39.418399810791016
2017-04-24,45.75,44.75,45.0,45.0,822600.0,38.77220153808594
2017-04-25,45.75,43.0,45.75,43.5,3424600.0,37.47979736328125
2017-04-26,44.25,43.25,43.25,43.75,3109700.0,37.69519805908203
2017-04-27,43.5,42.0,43.25,42.5,3288700.0,36.61819076538086
2017-04-28,43.0,42.25,42.25,42.5,3997100.0,36.61819076538086
2017-05-02,43.25,42.75,42.75,43.0,7026200.0,37.04899597167969
2017-05-03,43.25,42.5,43.0,43.0,4214500.0,37.04899597167969
2017-05-04,44.75,43.0,43.25,44.25,6065100.0,38.12599563598633
2017-05-08,45.75,44.75,45.0,44.75,5019400.0,38.556800842285156
2017-05-09,45.25,44.5,45.0,44.5,2154600.0,38.341400146484375
2017-05-11,45.25,44.0,45.0,44.25,4617900.0,38.12599563598633
2017-05-12,45.25,44.0,44.5,45.25,4611900.0,38.987606048583984
2017-05-15,46.0,46.0,46.0,46.0,515800.0,39.633811950683594
2017-05-16,46.75,45.0,46.0,45.25,3823800.0,38.987606048583984
2017-05-17,46.5,45.5,45.5,46.25,4019800.0,39.849205017089844
2017-05-18,49.25,45.75,46.5,48.0,9839600.0,41.357017517089844
2017-05-19,48.5,47.25,48.25,47.5,2961300.0,40.92621612548828
2017-05-22,49.0,48.0,48.25,48.0,5188700.0,41.357017517089844
2017-05-23,50.25,48.5,49.0,49.75,8719000.0,42.86482238769531
2017-05-24,51.0,49.75,49.75,49.75,4021800.0,42.86482238769531
2017-05-25,50.0,49.0,49.5,49.25,1913000.0,42.434017181396484
2017-05-26,49.75,48.75,49.25,49.0,2261800.0,42.218624114990234
2017-05-29,50.25,48.5,48.5,50.0,2306700.0,43.08021926879883
2017-05-30,50.25,49.25,49.5,49.5,2927100.0,42.6494255065918
2017-05-31,49.75,47.75,49.5,48.25,4657300.0,41.572418212890625
2017-06-01,49.0,47.75,48.25,48.75,2374100.0,42.00321960449219
2017-06-02,51.75,48.75,49.0,51.5,12070200.0,44.37263107299805
2017-06-05,51.75,50.75,51.25,51.25,4131900.0,44.157230377197266
2017-06-06,53.25,51.5,51.5,52.75,8834900.0,45.44963455200195
2017-06-07,53.75,52.25,52.75,53.0,6042000.0,45.66503143310547
2017-06-08,55.25,52.75,52.75,54.5,9292000.0,46.95744705200195
2017-06-09,55.75,54.5,54.75,54.75,5965700.0,47.17284393310547
2017-06-12,55.5,53.75,54.0,55.0,4311100.0,47.388248443603516
2017-06-13,55.0,54.0,54.75,54.75,2866900.0,47.17284393310547
2017-06-14,55.0,53.25,55.0,53.75,2545000.0,46.311241149902344
2017-06-15,54.5,52.25,53.5,52.75,3001800.0,45.44963455200195
2017-06-16,53.5,52.0,52.5,52.25,2873500.0,45.018829345703125
2017-06-19,54.5,51.25,52.0,54.5,9338700.0,46.95744705200195
2017-06-20,54.25,51.75,54.25,52.25,6926800.0,45.018829345703125
2017-06-21,52.5,51.75,52.5,52.0,2151600.0,44.803436279296875
2017-06-22,52.25,51.5,52.0,51.75,1786300.0,44.58803176879883
2017-06-23,53.25,51.75,51.75,52.25,2997800.0,45.018829345703125
2017-06-26,52.75,52.0,52.5,52.0,1672100.0,44.803436279296875
2017-06-27,52.75,50.25,52.5,51.0,3790300.0,43.941829681396484
2017-06-28,51.75,50.5,51.25,50.5,3527400.0,43.51102828979492
2017-06-29,51.0,50.25,50.75,50.5,2454000.0,43.51102828979492
2017-06-30,50.5,49.0,50.25,50.25,6947500.0,43.295623779296875
2017-07-03,52.0,50.25,50.5,52.0,2899400.0,44.803436279296875
2017-07-04,52.0,50.5,52.0,50.5,2014300.0,43.51102828979492
2017-07-05,50.75,50.25,50.5,50.5,1154000.0,43.51102828979492
2017-07-06,51.0,50.0,50.75,50.75,2499000.0,43.72642517089844
2017-07-07,51.25,50.25,50.5,51.25,1734100.0,44.157230377197266
2017-07-11,51.25,50.75,51.25,50.75,513400.0,43.72642517089844
2017-07-12,51.0,50.25,50.5,50.25,1602500.0,43.295623779296875
2017-07-13,51.75,50.5,50.5,51.25,3859000.0,44.157230377197266
2017-07-14,51.0,50.25,51.0,50.5,1693300.0,43.51102828979492
2017-07-17,50.75,47.0,50.5,49.5,5560800.0,42.6494255065918
2017-07-18,49.0,45.75,49.0,46.5,11741500.0,40.06460952758789
2017-07-19,49.25,46.25,46.5,47.75,7343100.0,41.1416130065918
2017-07-20,47.75,45.75,47.75,46.25,6680900.0,39.849205017089844
2017-07-21,46.5,44.5,46.25,45.0,5739200.0,38.77220153808594
2017-07-24,45.25,42.5,44.75,42.5,7109700.0,36.61819076538086
2017-07-25,43.75,42.5,42.75,42.5,12736200.0,36.61819076538086
2017-07-26,43.75,41.75,43.25,42.75,8311600.0,36.83359146118164
2017-07-27,42.75,42.0,42.5,42.5,4804700.0,36.61819076538086
2017-07-31,43.0,40.25,42.75,40.25,5781200.0,34.67958068847656
2017-08-01,43.0,40.75,40.75,42.75,5172300.0,36.83359146118164
2017-08-02,43.5,42.5,43.25,43.5,3015500.0,37.47979736328125
2017-08-03,43.5,41.0,43.5,41.5,6586900.0,35.756587982177734
2017-08-04,43.5,41.5,41.75,43.5,10429900.0,37.47979736328125
2017-08-07,44.0,42.75,43.75,42.75,5520700.0,36.83359146118164
2017-08-08,44.0,42.75,43.0,44.0,2345300.0,37.91059875488281
2017-08-09,45.5,43.5,44.0,45.0,7543000.0,38.77220153808594
2017-08-10,45.25,44.25,44.5,44.75,2683800.0,38.556800842285156
2017-08-11,44.75,43.5,44.75,44.5,3897200.0,38.341400146484375
2017-08-15,43.75,42.5,43.75,43.0,3941500.0,37.04899597167969
2017-08-16,44.0,43.25,43.25,43.75,2644500.0,37.69519805908203
2017-08-17,43.75,42.75,43.75,43.0,3950900.0,37.04899597167969
2017-08-18,43.25,42.25,43.0,42.25,2415100.0,36.402793884277344
2017-08-21,43.0,42.0,42.25,42.5,3095200.0,36.61819076538086
2017-08-22,43.0,42.25,42.75,43.0,1586900.0,37.04899597167969
2017-08-23,45.25,42.75,43.25,45.25,9015300.0,38.987606048583984
2017-08-24,45.25,44.0,45.25,44.5,4515000.0,38.341400146484375
2017-08-25,45.5,44.25,44.5,44.75,4953000.0,38.556800842285156
2017-08-28,43.75,43.75,43.75,43.75,537500.0,37.69519805908203
2017-08-29,44.25,43.0,43.75,43.25,7917600.0,37.2643928527832
2017-08-30,44.0,42.75,43.25,42.75,8458600.0,36.83359146118164
2017-08-31,43.75,42.75,43.0,43.75,6168700.0,37.69519805908203
2017-09-01,44.0,42.75,43.5,43.0,8483900.0,37.04899597167969
2017-09-04,43.5,43.0,43.25,43.0,2655300.0,37.04899597167969
2017-09-05,43.5,43.0,43.25,43.25,1564300.0,37.2643928527832
2017-09-06,43.25,42.75,43.0,42.75,2539400.0,36.83359146118164
2017-09-07,43.0,41.5,43.0,41.75,9834600.0,35.971988677978516
2017-09-08,42.5,41.25,41.5,41.75,9669100.0,35.971988677978516
2017-09-11,43.25,41.5,41.75,43.0,6523000.0,37.04899597167969
2017-09-12,44.0,43.25,43.5,43.5,6548900.0,37.47979736328125
2017-09-13,44.0,42.5,43.75,42.5,5517800.0,36.61819076538086
2017-09-14,44.75,43.5,43.5,44.5,11691400.0,38.341400146484375
2017-09-15,44.5,43.75,44.25,44.25,2278300.0,38.12599563598633
2017-09-18,46.75,44.25,44.5,46.75,9529600.0,40.28001022338867
2017-09-19,47.5,45.75,47.0,46.25,8813300.0,39.849205017089844
2017-09-20,46.5,45.75,46.0,46.0,2444200.0,39.633811950683594
2017-09-21,47.75,46.25,46.25,47.25,9199800.0,40.710811614990234
2017-09-22,47.0,46.0,47.0,46.0,7826900.0,39.633811950683594
2017-09-25,47.25,46.0,46.25,47.25,2717500.0,40.710811614990234
2017-09-26,47.25,45.5,47.25,46.0,6615500.0,39.633811950683594
2017-09-27,47.0,46.25,46.5,47.0,3688500.0,40.49541091918945
2017-09-28,49.0,47.25,47.5,48.5,12217900.0,41.78781509399414
2017-09-29,48.5,47.5,48.5,47.5,6568500.0,40.92621612548828
2017-10-02,48.25,47.5,47.5,47.75,2724700.0,41.1416130065918
2017-10-03,49.0,47.75,48.5,48.25,8418600.0,41.572418212890625
2017-10-04,49.5,47.75,48.25,48.75,11153300.0,42.00321960449219
2017-10-05,49.5,48.75,48.75,49.25,3236800.0,42.434017181396484
2017-10-06,49.75,48.25,49.5,48.25,6239900.0,41.572418212890625
2017-10-09,49.0,48.5,48.75,49.0,2857500.0,42.218624114990234
2017-10-10,48.75,48.0,48.5,48.0,3869900.0,41.357017517089844
2017-10-11,48.25,47.0,48.25,47.5,8117700.0,40.92621612548828
2017-10-12,47.5,46.5,47.5,47.25,4270700.0,40.710811614990234
2017-10-16,47.5,47.5,47.5,47.5,191000.0,40.92621612548828
2017-10-17,47.5,46.75,47.25,46.75,3043400.0,40.28001022338867
2017-10-18,47.0,46.0,46.0,46.5,1882100.0,40.940338134765625
2017-10-19,47.0,46.25,46.5,46.25,1900000.0,40.7202262878418
2017-10-20,46.25,45.0,46.25,45.25,3972600.0,39.83979415893555
2017-10-24,46.0,45.5,45.5,45.75,1644500.0,40.28001022338867
2017-10-25,47.0,45.75,45.75,46.5,3087500.0,40.940338134765625
2017-10-27,48.25,47.0,47.25,48.25,6475000.0,42.48110580444336
2017-10-30,48.75,47.5,48.0,48.25,3082000.0,42.48110580444336
2017-10-31,49.0,47.5,48.0,48.75,5388600.0,42.92131805419922
2017-11-01,50.25,48.5,48.75,49.25,8760800.0,43.361541748046875
2017-11-02,49.5,48.25,49.25,49.0,3733200.0,43.14143371582031
2017-11-03,49.0,47.75,49.0,48.5,3514600.0,42.701210021972656
2017-11-06,49.0,47.75,48.25,49.0,1444100.0,43.14143371582031
2017-11-07,49.5,48.5,48.5,49.0,2339900.0,43.14143371582031
2017-11-08,51.0,48.75,49.25,51.0,11603500.0,44.90230941772461
2017-11-09,51.25,50.0,51.0,50.75,5666900.0,44.68219757080078
2017-11-10,50.75,49.25,50.5,50.0,3208400.0,44.02186584472656
2017-11-13,50.5,49.25,50.0,50.25,1656700.0,44.24197769165039
2017-11-14,52.0,50.25,50.75,50.25,7178100.0,44.24197769165039
2017-11-15,50.25,48.25,50.25,49.5,4409000.0,43.5816535949707
2017-11-16,49.0,48.25,48.75,48.5,2232200.0,42.701210021972656
2017-11-17,50.25,48.25,48.5,49.75,3210200.0,43.8017578125
2017-11-20,50.5,49.5,49.5,50.5,2883000.0,44.46208953857422
2017-11-21,49.5,49.5,49.5,49.5,2101100.0,43.5816535949707
2017-11-22,51.5,49.75,50.0,51.25,3660600.0,45.12241744995117
2017-11-23,51.75,50.5,51.5,51.0,2523100.0,44.90230941772461
2017-11-24,51.0,49.5,51.0,50.25,3108600.0,44.24197769165039
2017-11-27,50.0,48.0,50.0,48.25,2943000.0,42.48110580444336
2017-11-28,49.5,48.25,48.25,48.75,1516600.0,42.92131805419922
2017-11-29,49.5,48.5,48.75,48.5,1342400.0,42.701210021972656
2017-11-30,48.75,46.75,48.5,47.25,3924200.0,41.60066604614258
2017-12-01,48.0,46.25,47.75,47.0,3912400.0,41.38055419921875
2017-12-04,47.0,46.0,46.75,46.25,1260600.0,40.7202262878418
2017-12-06,46.5,45.25,46.25,45.25,3295200.0,39.83979415893555
2017-12-07,47.75,45.75,45.75,47.75,3112300.0,42.04088592529297
2017-12-08,47.25,46.5,47.25,47.25,2566800.0,41.60066604614258
2017-12-12,49.0,47.25,48.0,48.75,3524500.0,42.92131805419922
2017-12-13,48.75,47.75,48.75,48.25,1005900.0,42.48110580444336
2017-12-14,48.75,47.0,47.0,47.5,1551700.0,41.820777893066406
2017-12-15,47.5,46.0,47.25,46.0,4030100.0,40.5001220703125
2017-12-18,46.5,46.0,46.0,46.5,1733300.0,40.940338134765625
2017-12-19,47.0,45.5,47.0,46.0,4106900.0,40.5001220703125
2017-12-20,46.75,46.0,46.0,46.5,1422800.0,40.940338134765625
2017-12-21,46.75,46.0,46.5,46.5,841200.0,40.940338134765625
2017-12-22,46.5,46.0,46.25,46.5,719300.0,40.940338134765625
2017-12-25,47.0,46.25,46.5,46.25,659300.0,40.7202262878418
2017-12-26,46.5,45.75,46.25,46.0,1085900.0,40.5001220703125
2017-12-27,46.25,44.25,45.75,44.75,3960100.0,39.39957046508789
2017-12-28,44.75,43.25,44.5,43.75,6124100.0,38.519134521484375
2017-12-29,44.5,43.75,44.0,44.5,2355100.0,39.17946243286133
2018-01-03,47.25,44.0,44.25,46.75,6493700.0,41.16044998168945
2018-01-04,46.75,45.5,46.5,45.5,2892400.0,40.05990219116211
2018-01-05,46.0,43.75,45.5,44.0,6491700.0,38.7392463684082
2018-01-08,44.75,44.0,44.0,44.25,3044800.0,38.959354400634766
2018-01-09,44.5,44.5,44.5,44.5,91100.0,39.17946243286133
2018-01-10,44.75,43.25,44.75,43.5,2185000.0,38.29902267456055
2018-01-11,43.75,42.75,43.25,43.0,2597800.0,37.85880661010742
2018-01-12,43.25,42.0,43.0,42.25,5872200.0,37.198482513427734
2018-01-15,43.0,41.75,42.5,42.5,3090300.0,37.4185905456543
2018-01-16,43.75,42.5,42.75,43.75,5048300.0,38.519134521484375
2018-01-17,44.5,43.5,43.75,44.25,5551200.0,38.959354400634766
2018-01-18,44.5,43.5,44.25,43.75,2800100.0,38.519134521484375
2018-01-19,44.0,42.75,43.5,43.0,2179800.0,37.85880661010742
2018-01-22,43.5,42.75,43.0,43.25,1478100.0,38.078914642333984
2018-01-23,43.75,43.0,43.75,43.25,813600.0,38.078914642333984
2018-01-24,43.75,43.0,43.25,43.75,1023000.0,38.519134521484375
2018-01-25,43.5,41.75,43.25,42.0,7099600.0,36.97836685180664
2018-01-26,42.5,41.75,42.25,42.5,753100.0,37.4185905456543
2018-01-29,43.0,42.5,42.75,43.0,1301200.0,37.85880661010742
2018-01-30,43.0,42.5,43.0,43.0,569000.0,37.85880661010742
2018-01-31,43.0,42.5,43.0,42.5,1009900.0,37.4185905456543
2018-02-01,43.0,42.0,42.5,42.25,1869200.0,37.198482513427734
2018-02-02,42.75,41.25,42.5,41.5,2254800.0,36.538150787353516
2018-02-05,43.5,41.0,41.0,43.25,3861900.0,38.078914642333984
2018-02-06,43.5,42.5,43.25,42.75,4391300.0,37.63869857788086
2018-02-07,43.0,42.0,43.0,42.0,1804900.0,36.97836685180664
2018-02-08,43.5,42.5,42.5,43.25,5216800.0,38.078914642333984
2018-02-09,44.25,42.75,43.0,43.5,10272700.0,38.29902267456055
2018-02-12,44.0,42.5,43.5,42.75,3698400.0,37.63869857788086
2018-02-13,43.5,42.75,42.75,43.0,5604600.0,37.85880661010742
2018-02-14,43.25,42.25,43.0,42.25,3052400.0,37.198482513427734
2018-02-15,43.0,42.25,42.25,42.75,1581100.0,37.63869857788086
2018-02-16,42.75,42.0,42.5,42.0,1615400.0,36.97836685180664
2018-02-19,42.75,42.0,42.25,42.25,818500.0,37.198482513427734
2018-02-20,42.75,42.0,42.5,42.5,1141500.0,37.4185905456543
2018-02-21,43.0,42.0,42.75,42.0,2124000.0,36.97836685180664
2018-02-22,42.5,40.75,42.0,41.75,3824800.0,36.75825881958008
2018-02-23,42.75,41.75,42.0,42.25,1733600.0,37.198482513427734
2018-02-26,42.5,41.25,42.5,42.0,1675900.0,36.97836685180664
2018-02-27,42.0,41.0,41.75,41.0,3334200.0,36.09793472290039
2018-02-28,41.75,41.0,41.25,41.25,2367200.0,36.31804275512695
2018-03-02,41.5,39.5,40.75,39.5,6058500.0,34.777278900146484
2018-03-05,39.25,37.75,39.25,37.75,7887200.0,33.23651123046875
2018-03-06,33.75,33.75,33.75,33.75,856100.0,29.71476173400879
2018-03-07,36.25,33.75,33.75,34.5,14797000.0,30.375089645385742
2018-03-08,35.25,34.0,34.75,34.25,3948100.0,30.154979705810547
2018-03-09,35.25,34.0,34.25,34.25,3962700.0,30.154979705810547
2018-03-12,35.75,34.5,34.75,34.5,8553300.0,30.375089645385742
2018-03-13,35.25,34.5,34.5,35.0,5449500.0,30.815305709838867
2018-03-14,34.5,34.0,34.25,34.5,2645300.0,31.268474578857422
2018-03-15,34.75,34.0,34.75,34.5,3121200.0,31.268474578857422
2018-03-16,36.0,34.5,34.5,36.0,11021800.0,32.62797164916992
2018-03-19,36.5,34.75,36.0,34.75,4522800.0,31.49505615234375
2018-03-20,35.25,34.25,35.0,34.5,1939500.0,31.268474578857422
2018-03-21,35.25,34.5,34.75,35.25,2787100.0,31.948225021362305
2018-03-22,35.25,34.5,35.25,34.5,2770700.0,31.268474578857422
2018-03-23,34.25,33.25,34.25,33.25,5878700.0,30.13555908203125
2018-03-26,33.25,31.5,33.25,32.25,6510700.0,29.229225158691406
2018-03-27,33.5,32.5,32.5,33.0,8043000.0,29.90897560119629
2018-03-28,32.75,30.5,32.75,31.5,9224500.0,28.549476623535156
2018-03-29,32.75,31.25,31.25,32.5,6051700.0,29.455810546875
2018-03-30,32.75,32.0,32.5,32.25,2598200.0,29.229225158691406
2018-04-02,32.75,32.0,32.25,32.5,1189900.0,29.455810546875
2018-04-03,32.75,32.0,32.25,32.0,3780500.0,29.002641677856445
2018-04-04,32.5,31.25,32.5,31.5,3546200.0,28.549476623535156
2018-04-05,32.5,31.5,31.75,32.25,2307300.0,29.229225158691406
2018-04-09,33.25,32.25,32.25,33.0,6095000.0,29.90897560119629
2018-04-10,34.5,32.75,33.0,34.25,8840300.0,31.04189109802246
2018-04-11,35.0,34.0,34.25,34.75,8229100.0,31.49505615234375
2018-04-12,34.5,34.0,34.5,34.25,2983700.0,31.04189109802246
2018-04-17,34.5,34.0,34.25,34.0,2710600.0,30.815305709838867
2018-04-18,35.25,34.0,34.25,34.5,4479700.0,31.268474578857422
2018-04-19,34.75,34.25,34.5,34.5,3040500.0,31.268474578857422
2018-04-20,35.0,34.5,34.75,34.75,1985700.0,31.49505615234375
2018-04-23,36.0,35.0,35.0,35.75,8444300.0,32.401390075683594
2018-04-24,36.25,35.75,36.0,35.75,6370700.0,32.401390075683594
2018-04-25,35.75,35.25,35.75,35.5,3921700.0,32.174808502197266
2018-04-26,36.0,35.25,35.5,35.25,5273700.0,31.948225021362305
2018-04-27,35.5,34.0,35.5,34.25,5388600.0,31.04189109802246
2018-04-30,35.25,34.25,34.5,34.75,3438700.0,31.49505615234375
2018-05-02,35.0,34.0,34.75,34.5,2840700.0,31.268474578857422
2018-05-03,35.5,34.5,34.5,35.25,3228500.0,31.948225021362305
2018-05-04,35.75,35.25,35.25,35.5,2217800.0,32.174808502197266
2018-05-07,36.0,35.5,35.75,35.5,1463200.0,32.174808502197266
2018-05-08,37.0,35.5,35.5,37.0,15426100.0,33.534305572509766
2018-05-09,37.0,36.25,37.0,36.25,4917100.0,32.85455322265625
2018-05-10,37.25,35.75,36.5,36.0,11636700.0,32.62797164916992
2018-05-11,36.25,35.25,35.75,35.5,4214200.0,32.174808502197266
2018-05-14,36.75,35.5,35.5,36.5,6142700.0,33.081138610839844
2018-05-15,36.5,35.5,36.25,35.75,2661400.0,32.401390075683594
2018-05-16,36.25,35.5,35.75,35.5,2416000.0,32.174808502197266
2018-05-17,36.0,35.25,35.75,35.5,1624600.0,32.174808502197266
2018-05-18,36.25,35.5,35.75,35.5,2054200.0,32.174808502197266
2018-05-21,36.5,35.75,35.75,36.5,2586000.0,33.081138610839844
2018-05-22,36.5,36.0,36.25,36.25,1944200.0,32.85455322265625
2018-05-23,36.25,35.75,36.25,36.25,1025000.0,32.85455322265625
2018-05-24,36.25,35.5,36.0,35.75,1177100.0,32.401390075683594
2018-05-25,35.75,34.5,35.5,34.75,4134100.0,31.49505615234375
2018-05-28,35.75,34.5,34.5,35.25,2305000.0,31.948225021362305
2018-05-30,35.25,34.0,35.0,34.5,2720600.0,31.268474578857422
2018-05-31,34.75,33.5,34.5,34.25,1890400.0,31.04189109802246
2018-06-01,34.25,33.75,34.0,34.0,2035400.0,30.815305709838867
2018-06-04,34.0,33.0,34.0,33.75,2861000.0,30.58872413635254
2018-06-05,34.25,33.25,34.0,34.0,1443500.0,30.815305709838867
2018-06-06,34.5,33.75,34.0,34.5,1809300.0,31.268474578857422
2018-06-07,34.5,33.75,34.5,34.0,2531200.0,30.815305709838867
2018-06-08,34.75,34.0,34.0,34.5,1858500.0,31.268474578857422
2018-06-11,35.0,34.5,34.5,34.75,1037100.0,31.49505615234375
2018-06-12,35.0,34.25,34.75,34.5,2269800.0,31.268474578857422
2018-06-13,35.0,34.5,34.5,34.75,936300.0,31.49505615234375
2018-06-14,34.75,34.0,34.75,34.25,865200.0,31.04189109802246
2018-06-15,35.5,34.25,34.25,35.0,6107200.0,31.721641540527344
2018-06-18,35.5,34.0,35.25,34.25,3587600.0,31.04189109802246
2018-06-19,34.25,32.75,34.0,33.0,4039400.0,29.90897560119629
2018-06-20,33.5,32.75,33.0,33.25,2482200.0,30.13555908203125
2018-06-21,34.0,33.25,33.5,33.5,2787000.0,30.362140655517578
2018-06-22,34.0,33.0,33.5,33.75,1431600.0,30.58872413635254
2018-06-25,34.0,33.0,34.0,33.0,1440500.0,29.90897560119629
2018-06-26,32.75,31.5,32.75,31.75,5024900.0,28.776060104370117
2018-06-27,32.25,31.5,32.0,31.75,3064900.0,28.776060104370117
2018-06-28,31.75,30.25,31.5,30.75,3555500.0,27.869726181030273
2018-06-29,33.0,30.5,30.5,33.0,4751600.0,29.90897560119629
2018-07-02,33.75,32.25,32.75,33.75,3016500.0,30.58872413635254
2018-07-03,34.0,33.25,34.0,33.5,1594400.0,30.362140655517578
2018-07-04,34.0,33.25,33.5,33.5,1157600.0,30.362140655517578
2018-07-05,34.25,33.25,33.5,33.75,1655000.0,30.58872413635254
2018-07-06,35.25,33.5,33.75,35.25,3144400.0,31.948225021362305
2018-07-09,35.25,34.75,35.25,35.0,1258300.0,31.721641540527344
2018-07-10,35.25,34.5,35.0,35.0,962100.0,31.721641540527344
2018-07-11,35.75,34.75,34.75,35.25,3887200.0,31.948225021362305
2018-07-12,36.0,35.25,35.5,36.0,3653800.0,32.62797164916992
2018-07-13,36.5,36.0,36.0,36.5,2428300.0,33.081138610839844
2018-07-16,36.75,35.25,36.0,36.75,5736300.0,33.30772399902344
2018-07-17,37.0,36.25,36.25,37.0,3135800.0,33.534305572509766
2018-07-18,37.0,36.5,37.0,37.0,2361700.0,33.534305572509766
2018-07-19,37.0,36.5,37.0,36.75,2402400.0,33.30772399902344
2018-07-20,37.25,36.25,36.5,36.75,3985500.0,33.30772399902344
2018-07-23,36.5,35.75,36.5,36.25,2417000.0,32.85455322265625
2018-07-24,37.0,36.0,36.25,36.5,1840400.0,33.081138610839844
2018-07-25,37.0,36.25,36.5,36.5,2039100.0,33.081138610839844
2018-07-26,36.75,36.0,36.5,36.5,1297500.0,33.081138610839844
2018-07-31,36.5,36.0,36.25,36.0,1305400.0,32.62797164916992
2018-08-01,36.5,36.0,36.0,36.0,1399000.0,32.62797164916992
2018-08-02,36.0,35.5,35.75,36.0,4122600.0,32.62797164916992
2018-08-03,36.75,36.0,36.0,36.75,2861400.0,33.30772399902344
2018-08-06,38.5,36.75,36.75,37.5,6578600.0,33.98747253417969
2018-08-07,38.5,37.5,37.75,38.25,2696800.0,34.66722106933594
2018-08-08,38.75,37.75,38.5,38.5,2904200.0,34.893802642822266
2018-08-09,38.75,38.0,38.5,38.75,2270200.0,35.120384216308594
2018-08-10,38.25,37.0,37.0,38.25,4572900.0,34.66722106933594
2018-08-14,39.25,37.5,38.0,39.25,2902700.0,35.57355499267578
2018-08-15,39.5,38.5,39.25,39.25,2215100.0,35.57355499267578
2018-08-16,39.0,38.25,39.0,38.5,2689700.0,34.893802642822266
2018-08-17,38.75,37.75,38.75,38.0,2738700.0,34.440635681152344
2018-08-20,38.25,37.5,38.0,38.0,1277800.0,34.440635681152344
2018-08-21,37.75,36.0,37.75,36.25,6602800.0,32.85455322265625
2018-08-22,36.75,35.75,36.25,35.75,3238100.0,32.401390075683594
2018-08-23,37.0,36.0,36.0,36.75,2115400.0,33.30772399902344
2018-08-24,37.75,36.75,37.25,37.75,2967200.0,34.21405792236328
2018-08-27,37.75,37.0,37.5,37.5,570900.0,33.98747253417969
2018-08-28,38.0,37.25,37.75,37.25,790400.0,33.76089096069336
2018-08-29,37.75,37.0,37.0,37.75,762200.0,34.21405792236328
2018-08-30,38.5,37.75,37.75,38.25,3160100.0,34.66722106933594
2018-08-31,38.75,38.0,38.25,38.5,2981500.0,34.893802642822266
2018-09-03,40.0,38.5,38.5,39.5,4888900.0,35.80013656616211
2018-09-04,40.5,39.25,39.75,40.0,4662300.0,36.2533073425293
2018-09-05,41.75,40.25,41.0,41.0,12241000.0,37.15963363647461
2018-09-06,41.25,40.25,40.5,40.25,6217000.0,36.47988510131836
2018-09-07,41.25,40.25,40.5,41.25,4220600.0,37.3862190246582
2018-09-10,41.25,40.25,41.25,40.5,3433700.0,36.70647048950195
2018-09-11,41.25,40.5,40.75,40.75,3824300.0,36.93305587768555
2018-09-12,41.5,40.25,40.5,40.75,3285000.0,36.93305587768555
2018-09-13,41.5,40.75,41.0,40.75,2853100.0,36.93305587768555
2018-09-14,41.25,40.5,41.0,40.5,2999200.0,36.70647048950195
2018-09-17,41.0,39.5,40.5,39.75,4055700.0,36.0267219543457
2018-09-18,40.75,39.5,39.75,40.5,2936000.0,36.70647048950195
2018-09-19,40.75,39.0,40.75,39.0,8632200.0,35.34697341918945
2018-09-20,39.25,38.0,38.75,38.75,6941800.0,35.120384216308594
2018-09-21,39.75,38.5,39.0,39.25,5107600.0,35.57355499267578
2018-09-24,40.0,39.25,39.5,39.25,2934000.0,35.57355499267578
2018-09-25,40.0,39.25,39.75,39.5,1814500.0,35.80013656616211
2018-09-26,40.0,38.75,39.5,39.5,4445400.0,35.80013656616211
2018-09-27,39.75,39.0,39.5,39.25,1524700.0,35.57355499267578
2018-09-28,40.5,38.75,39.5,39.5,3566100.0,35.80013656616211
2018-10-01,39.5,39.0,39.25,39.5,1354400.0,35.80013656616211
2018-10-02,40.5,39.25,39.25,40.5,6089000.0,36.70647048950195
2018-10-03,40.75,39.5,40.25,39.5,3907700.0,35.80013656616211
2018-10-04,41.25,39.75,40.0,40.75,6254400.0,36.93305587768555
2018-10-05,41.25,39.25,41.0,39.25,5787800.0,35.57355499267578
2018-10-08,39.5,39.0,39.5,39.25,2706200.0,35.57355499267578
2018-10-09,39.25,38.25,39.25,38.25,3895000.0,34.66722106933594
2018-10-10,38.5,37.0,38.0,37.25,6043400.0,33.76089096069336
2018-10-11,38.0,36.75,37.0,37.75,4637400.0,34.21405792236328
2018-10-12,38.25,37.5,38.0,38.0,2648700.0,34.440635681152344
2018-10-16,38.5,37.75,38.0,38.0,1843500.0,34.440635681152344
2018-10-17,38.75,38.0,38.5,38.25,1715500.0,34.66722106933594
2018-10-18,39.75,38.25,38.5,39.5,5446400.0,35.80013656616211
2018-10-19,39.5,38.5,39.0,39.5,3956200.0,35.80013656616211
2018-10-22,38.25,37.5,38.0,37.75,1057200.0,35.10273361206055
2018-10-24,37.5,35.75,37.25,35.75,3369500.0,33.242984771728516
2018-10-25,36.0,34.0,35.5,35.75,5067700.0,33.242984771728516
2018-10-26,35.5,34.5,35.5,34.75,1613000.0,32.3131103515625
2018-10-29,35.5,34.75,34.75,35.0,968000.0,32.54558181762695
2018-10-30,35.25,35.0,35.0,35.0,445900.0,32.54558181762695
2018-10-31,36.5,35.5,35.5,36.25,2436000.0,33.70792007446289
2018-11-01,37.25,36.25,36.25,37.0,3746700.0,34.40532684326172
2018-11-02,37.0,36.25,37.0,36.25,2021700.0,33.70792007446289
2018-11-05,36.25,35.75,36.0,36.0,870400.0,33.4754524230957
2018-11-06,36.25,35.5,36.0,35.5,1508800.0,33.01051712036133
2018-11-07,35.75,34.5,35.5,34.75,2237500.0,32.3131103515625
2018-11-08,35.25,34.5,35.0,34.5,1903700.0,32.08064270019531
2018-11-09,34.75,33.0,34.5,33.25,3255900.0,30.91830062866211
2018-11-12,33.5,32.75,33.0,33.5,851300.0,31.150768280029297
2018-11-13,33.75,33.0,33.25,33.75,715600.0,31.383237838745117
2018-11-14,33.75,33.25,33.5,33.25,1275300.0,30.91830062866211
2018-11-15,35.75,34.75,35.0,35.5,4712000.0,33.01051712036133
2018-11-16,36.25,35.0,35.0,36.25,3812700.0,33.70792007446289
2018-11-19,36.5,34.75,35.75,34.75,2127500.0,32.3131103515625
2018-11-20,34.75,33.25,34.75,33.5,3445100.0,31.150768280029297
2018-11-21,33.5,32.75,33.25,33.5,5703000.0,31.150768280029297
2018-11-22,34.0,33.25,33.5,33.25,1867900.0,30.91830062866211
2018-11-23,34.0,33.25,33.25,34.0,1820300.0,31.615703582763672
2018-11-26,34.0,33.0,33.75,33.25,1564900.0,30.91830062866211
2018-11-27,34.25,33.5,33.5,34.0,2612800.0,31.615703582763672
2018-11-28,35.25,33.75,34.0,34.75,4135300.0,32.3131103515625
2018-11-29,35.0,33.5,35.0,33.5,3064200.0,31.150768280029297
2018-11-30,34.25,33.5,33.75,33.75,2063800.0,31.383237838745117
2018-12-03,37.25,35.0,35.0,37.25,10719000.0,34.63779830932617
2018-12-04,37.25,36.25,37.0,36.5,2710000.0,33.940391540527344
2018-12-06,36.0,35.25,36.0,35.5,2503200.0,33.01051712036133
2018-12-07,36.5,35.5,35.75,36.25,1449700.0,33.70792007446289
2018-12-11,36.25,35.0,36.0,35.25,2067100.0,32.77804946899414
2018-12-12,36.0,35.0,35.5,35.0,1588500.0,32.54558181762695
2018-12-13,35.5,34.5,35.25,34.75,1704500.0,32.3131103515625
2018-12-14,35.25,34.5,34.75,35.0,589400.0,32.54558181762695
2018-12-17,35.0,34.25,35.0,34.25,727300.0,31.848175048828125
2018-12-18,34.25,33.5,34.25,33.75,2360700.0,31.383237838745117
2018-12-19,34.25,33.5,33.75,34.0,1621000.0,31.615703582763672
2018-12-20,34.0,33.25,34.0,33.75,1717400.0,31.383237838745117
2018-12-21,33.75,32.25,33.5,32.25,6627700.0,29.988426208496094
2018-12-24,33.0,32.0,32.25,32.0,1795100.0,29.755958557128906
2018-12-25,32.25,31.5,32.0,31.75,3626800.0,29.52349090576172
2018-12-26,32.25,31.5,31.5,32.0,1187100.0,29.755958557128906
2018-12-27,33.0,31.5,32.75,31.5,1517900.0,29.2910213470459
2018-12-28,33.0,31.5,31.75,33.0,2634100.0,30.685832977294922
2019-01-02,33.0,32.0,32.5,32.0,1171800.0,29.755958557128906
2019-01-03,32.0,30.75,31.75,31.0,3900200.0,28.826086044311523
2019-01-04,31.0,29.75,30.75,30.0,4887600.0,27.896211624145508
2019-01-07,30.75,30.25,30.5,30.5,3483200.0,28.361146926879883
2019-01-08,31.5,30.5,30.75,30.75,4346500.0,28.593616485595703
2019-01-09,32.0,31.25,31.25,31.5,3864100.0,29.2910213470459
2019-01-10,32.5,31.75,31.75,32.5,2372800.0,30.220897674560547
2019-01-11,32.5,31.75,32.5,32.0,1953300.0,29.755958557128906
2019-01-14,32.25,31.5,32.0,31.75,706000.0,29.52349090576172
2019-01-15,32.0,31.25,31.75,31.25,1830400.0,29.05855369567871
2019-01-16,31.75,31.0,31.25,31.0,2522500.0,28.826086044311523
2019-01-17,32.25,31.25,31.25,32.25,2018100.0,29.988426208496094
2019-01-18,32.25,32.0,32.25,32.0,1058700.0,29.755958557128906
2019-01-21,33.0,32.25,32.25,32.75,2674100.0,30.4533634185791
2019-01-22,33.25,32.25,33.0,32.75,2706900.0,30.4533634185791
2019-01-23,33.75,32.75,32.75,33.5,4249800.0,31.150768280029297
2019-01-24,34.0,33.5,33.75,33.75,906100.0,31.383237838745117
2019-01-25,34.0,33.25,33.75,33.5,839800.0,31.150768280029297
2019-01-28,33.5,33.0,33.5,33.25,2527500.0,30.91830062866211
2019-01-29,33.5,33.25,33.5,33.25,264100.0,30.91830062866211
2019-01-30,33.75,33.0,33.5,33.75,1051900.0,31.383237838745117
2019-01-31,34.5,33.75,34.0,34.5,2186300.0,32.08064270019531
2019-02-01,35.0,34.25,34.75,34.75,1894300.0,32.3131103515625
2019-02-04,35.25,34.5,35.0,35.25,1294800.0,32.77804946899414
2019-02-05,35.25,34.25,35.25,34.75,861300.0,32.3131103515625
2019-02-06,35.25,34.5,34.75,34.75,891100.0,32.3131103515625
2019-02-07,35.5,34.75,34.75,35.0,2506200.0,32.54558181762695
2019-02-08,35.25,34.5,35.25,34.75,1178800.0,32.3131103515625
2019-02-11,35.25,34.5,34.75,35.0,1620600.0,32.54558181762695
2019-02-12,35.25,34.5,34.75,34.75,937700.0,32.3131103515625
2019-02-13,36.0,35.0,35.0,36.0,2236900.0,33.4754524230957
2019-02-14,36.25,35.5,36.0,36.0,1801600.0,33.4754524230957
2019-02-15,36.0,35.0,36.0,35.25,1931400.0,32.77804946899414
2019-02-18,35.75,35.0,35.5,35.0,3044000.0,32.54558181762695
2019-02-20,36.0,35.0,35.0,36.0,1846400.0,33.4754524230957
2019-02-21,36.0,35.25,36.0,35.5,909400.0,33.01051712036133
2019-02-22,36.0,35.25,35.5,35.5,1014700.0,33.01051712036133
2019-02-25,36.0,35.5,35.75,36.0,949500.0,33.4754524230957
2019-02-26,36.0,35.5,35.75,35.75,367600.0,33.242984771728516
2019-02-27,35.75,35.25,35.75,35.75,620400.0,33.242984771728516
2019-02-28,36.0,35.5,35.5,35.75,461500.0,33.242984771728516
2019-03-01,35.75,35.25,35.75,35.5,1254200.0,33.01051712036133
2019-03-04,36.5,35.5,35.5,35.75,1713500.0,33.242984771728516
2019-03-05,36.0,35.25,35.5,35.5,1554900.0,33.01051712036133
2019-03-06,35.75,35.25,35.5,35.75,1335600.0,33.242984771728516
2019-03-07,35.75,35.25,35.5,35.5,1178000.0,33.01051712036133
2019-03-08,35.75,35.0,35.25,35.5,2058100.0,33.01051712036133
2019-03-11,35.75,35.0,35.5,35.25,1782200.0,32.77804946899414
2019-03-12,35.5,34.75,35.5,34.75,742000.0,32.3131103515625
2019-03-13,35.5,34.5,34.75,35.0,2711400.0,32.54558181762695
2019-03-14,34.5,33.5,34.0,34.25,2088400.0,32.78488540649414
2019-03-15,34.5,34.0,34.25,34.25,785500.0,32.78488540649414
2019-03-18,34.5,34.0,34.5,34.25,559800.0,32.78488540649414
2019-03-19,34.25,33.25,34.0,33.25,1642100.0,31.827661514282227
2019-03-20,33.25,29.5,33.0,30.5,21883100.0,29.19529914855957
2019-03-21,31.0,30.5,30.75,31.0,1832100.0,29.673912048339844
2019-03-22,31.5,30.5,31.0,30.75,4015200.0,29.43460464477539
2019-03-25,31.5,30.5,30.75,31.0,3042900.0,29.673912048339844
2019-03-26,31.75,31.0,31.25,31.0,2056200.0,29.673912048339844
2019-03-27,31.5,31.0,31.25,31.0,1818000.0,29.673912048339844
2019-03-28,31.5,31.0,31.25,31.0,1826900.0,29.673912048339844
2019-03-29,32.0,31.0,31.5,31.0,3888100.0,29.673912048339844
2019-04-01,32.75,31.25,31.25,32.0,2982600.0,30.631134033203125
2019-04-02,33.0,32.25,32.25,32.5,1803200.0,31.1097469329834
2019-04-03,32.75,32.25,32.75,32.25,990800.0,30.870439529418945
2019-04-04,32.75,32.25,32.25,32.75,1307600.0,31.349050521850586
2019-04-05,34.0,32.75,33.0,33.5,5751700.0,32.06696701049805
2019-04-09,34.0,32.75,33.0,34.0,3353300.0,32.54557800292969
2019-04-10,34.0,33.25,33.75,33.5,3345000.0,32.06696701049805
2019-04-11,33.75,32.75,33.5,33.25,3906400.0,31.827661514282227
2019-04-12,34.0,33.0,33.25,34.0,1368300.0,32.54557800292969
2019-04-17,34.5,33.0,34.0,33.25,4439500.0,31.827661514282227
2019-04-18,33.75,33.0,33.5,33.25,1210200.0,31.827661514282227
2019-04-19,33.25,32.25,33.25,32.5,3383000.0,31.1097469329834
2019-04-22,33.25,32.25,32.5,32.75,1526900.0,31.349050521850586
2019-04-23,33.5,32.75,32.75,33.0,1941500.0,31.58835792541504
2019-04-24,33.5,33.0,33.25,33.25,535700.0,31.827661514282227
2019-04-25,33.75,32.75,33.5,33.0,1206600.0,31.58835792541504
2019-04-26,33.5,32.75,33.0,33.0,1305200.0,31.58835792541504
2019-04-29,33.25,32.0,33.0,32.25,1838700.0,30.870439529418945
2019-04-30,32.5,32.25,32.25,32.5,155200.0,31.1097469329834
2019-05-02,33.0,32.25,32.5,33.0,704600.0,31.58835792541504
2019-05-03,33.0,32.5,32.75,32.5,708000.0,31.1097469329834
2019-05-07,32.5,31.0,32.25,31.25,4936200.0,29.913217544555664
2019-05-08,31.25,30.75,31.25,31.0,2034200.0,29.673912048339844
2019-05-09,31.75,31.0,31.0,31.0,1469300.0,29.673912048339844
2019-05-10,31.25,30.25,31.25,30.25,4430300.0,28.955995559692383
2019-05-13,31.25,30.25,30.25,30.75,1937300.0,29.43460464477539
2019-05-14,31.0,30.0,30.25,30.75,849900.0,29.43460464477539
2019-05-15,30.25,26.5,30.25,26.75,13782400.0,25.605714797973633
2019-05-16,27.75,26.75,27.0,27.5,3484800.0,26.323631286621094
2019-05-17,27.25,24.899999618530273,27.25,24.899999618530273,11883100.0,23.834850311279297
2019-05-21,25.0,23.399999618530273,24.600000381469727,24.899999618530273,7929100.0,23.834850311279297
2019-05-22,25.75,24.399999618530273,25.0,25.25,6568000.0,24.169879913330078
2019-05-23,25.0,24.100000381469727,25.0,24.100000381469727,3896700.0,23.069072723388672
2019-05-24,24.600000381469727,23.600000381469727,24.100000381469727,24.299999237060547,4206000.0,23.260515213012695
2019-05-27,24.899999618530273,24.100000381469727,24.5,24.200000762939453,4339700.0,23.164794921875
2019-05-28,24.899999618530273,24.100000381469727,24.200000762939453,24.5,5292000.0,23.451963424682617
2019-05-29,25.25,24.5,24.600000381469727,24.700000762939453,3875500.0,23.643407821655273
2019-05-30,25.75,24.700000762939453,24.700000762939453,25.5,6609700.0,24.4091854095459
2019-05-31,25.25,24.600000381469727,25.25,24.799999237060547,4994600.0,23.73912811279297
2019-06-04,24.899999618530273,24.399999618530273,24.899999618530273,24.600000381469727,5090600.0,23.547685623168945
2019-06-05,25.25,24.700000762939453,24.799999237060547,25.0,3455900.0,23.930572509765625
2019-06-06,25.5,24.700000762939453,25.25,25.0,1850500.0,23.930572509765625
2019-06-07,25.25,24.600000381469727,25.0,24.899999618530273,3492100.0,23.834850311279297
2019-06-10,26.25,25.25,25.25,26.25,5102500.0,25.12710189819336
2019-06-11,26.5,25.5,26.5,26.0,2221000.0,24.88779640197754
2019-06-12,26.0,25.5,25.75,25.75,1138400.0,24.64849090576172
2019-06-13,26.5,25.25,25.75,26.0,1836200.0,24.88779640197754
2019-06-14,26.25,25.5,26.0,26.0,1763600.0,24.88779640197754
2019-06-17,26.25,25.25,26.0,25.25,2793500.0,24.169879913330078
2019-06-18,25.5,25.0,25.5,25.0,1322600.0,23.930572509765625
2019-06-19,26.5,25.75,26.0,26.25,4936100.0,25.12710189819336
2019-06-20,27.0,26.0,26.75,26.25,7554100.0,25.12710189819336
2019-06-21,26.5,25.75,26.25,25.75,3217400.0,24.64849090576172
2019-06-24,26.25,25.5,25.75,25.5,1177800.0,24.4091854095459
2019-06-25,25.75,25.25,25.5,25.5,1993200.0,24.4091854095459
2019-06-26,25.75,25.0,25.5,25.5,3583500.0,24.4091854095459
2019-06-27,26.0,25.5,25.75,25.75,2963000.0,24.64849090576172
2019-06-28,26.0,25.5,26.0,25.75,830900.0,24.64849090576172
2019-07-01,28.0,27.0,27.25,27.25,8214300.0,26.08432388305664
2019-07-02,27.75,27.25,27.5,27.5,3457000.0,26.323631286621094
2019-07-03,27.5,26.75,27.25,27.25,7905800.0,26.08432388305664
2019-07-04,28.0,26.75,27.25,27.25,6795900.0,26.08432388305664
2019-07-05,28.0,27.0,27.75,27.5,2330200.0,26.323631286621094
2019-07-08,28.0,27.25,27.5,27.75,2372500.0,26.562936782836914
2019-07-09,27.5,27.0,27.5,27.25,3917400.0,26.08432388305664
2019-07-10,27.5,27.0,27.25,27.5,1153300.0,26.323631286621094
2019-07-11,28.5,27.5,27.5,27.75,3390500.0,26.562936782836914
2019-07-12,29.0,27.75,28.0,28.75,4888100.0,27.520160675048828
2019-07-15,29.0,28.0,28.5,28.25,4644800.0,27.041547775268555
2019-07-17,28.5,28.0,28.5,28.25,2266400.0,27.041547775268555
2019-07-18,28.0,27.0,28.0,27.75,4026300.0,26.562936782836914
2019-07-19,28.5,27.5,27.75,27.75,3500000.0,26.562936782836914
2019-07-22,28.5,27.5,27.75,28.25,2887100.0,27.041547775268555
2019-07-23,28.5,28.0,28.25,28.25,1732900.0,27.041547775268555
2019-07-24,29.25,28.25,28.25,28.75,8403600.0,27.520160675048828
2019-07-25,30.75,29.0,29.0,30.0,7642200.0,28.71668815612793
2019-07-26,30.25,29.25,30.0,29.5,3095100.0,28.23807716369629
2019-07-30,29.75,28.25,29.5,28.5,3462700.0,27.280853271484375
2019-07-31,28.5,27.75,28.25,28.0,3127800.0,26.802242279052734
2019-08-01,28.25,27.5,27.5,27.5,1064200.0,26.323631286621094
2019-08-02,27.25,26.0,27.25,26.5,4618700.0,25.36640739440918
2019-08-05,26.5,26.0,26.25,26.0,1081400.0,24.88779640197754
2019-08-06,26.25,25.25,25.75,25.75,1753700.0,24.64849090576172
2019-08-07,26.75,25.25,25.75,26.0,4061100.0,24.88779640197754
2019-08-08,27.0,26.0,26.25,26.75,2231100.0,25.605714797973633
2019-08-09,27.0,25.75,27.0,25.75,1079900.0,24.64849090576172
2019-08-13,27.25,26.25,26.25,26.75,2888300.0,25.605714797973633
2019-08-14,29.0,27.25,27.25,29.0,4349900.0,27.75946617126465
2019-08-15,28.5,27.25,28.0,28.25,3499100.0,27.041547775268555
2019-08-16,28.5,28.0,28.25,28.25,1297300.0,27.041547775268555
2019-08-19,29.0,27.75,28.75,28.0,1339100.0,26.802242279052734
2019-08-20,28.75,27.75,28.0,28.0,759000.0,26.802242279052734
2019-08-21,28.75,28.0,28.25,28.5,1314900.0,27.280853271484375
2019-08-22,29.25,28.5,28.75,28.5,1540700.0,27.280853271484375
2019-08-23,29.0,28.5,28.75,28.75,342200.0,27.520160675048828
2019-08-26,28.25,26.5,27.75,26.75,3609100.0,25.605714797973633
2019-08-27,27.75,26.5,27.25,26.75,2083200.0,25.605714797973633
2019-08-28,27.5,26.75,27.0,27.25,997300.0,26.08432388305664
2019-08-29,28.25,27.25,27.25,27.75,1127100.0,26.562936782836914
2019-08-30,28.5,28.0,28.25,28.5,1494100.0,27.280853271484375
2019-09-02,28.25,27.75,28.25,28.0,484500.0,26.802242279052734
2019-09-03,29.0,27.75,28.0,28.25,1062900.0,27.041547775268555
2019-09-04,28.5,27.75,28.5,27.75,1050500.0,26.562936782836914
2019-09-05,29.5,28.25,28.25,29.0,5282600.0,27.75946617126465
2019-09-06,29.75,28.0,29.5,28.5,4286800.0,27.280853271484375
2019-09-09,29.25,28.5,28.5,28.5,769100.0,27.280853271484375
2019-09-10,29.0,28.0,29.0,28.5,837600.0,27.280853271484375
2019-09-11,29.25,28.5,28.5,29.25,2616500.0,27.998769760131836
2019-09-12,29.75,29.0,29.75,29.0,1773700.0,27.75946617126465
2019-09-13,29.5,28.75,29.0,28.75,606000.0,27.520160675048828
2019-09-16,29.25,28.5,28.75,28.5,527000.0,27.280853271484375
2019-09-17,29.25,28.5,28.75,29.0,964200.0,27.75946617126465
2019-09-18,29.25,28.0,29.0,28.25,4444400.0,27.041547775268555
2019-09-19,28.5,27.5,28.5,27.5,1805900.0,26.323631286621094
2019-09-20,28.25,27.5,27.75,28.0,1388800.0,26.802242279052734
2019-09-23,28.5,28.0,28.0,28.25,855100.0,27.041547775268555
2019-09-24,28.5,28.0,28.5,28.5,274700.0,27.280853271484375
2019-09-25,28.5,28.0,28.5,28.25,344600.0,27.041547775268555
2019-09-26,28.75,28.25,28.25,28.5,584700.0,27.280853271484375
2019-09-27,28.75,28.25,28.25,28.5,249000.0,27.280853271484375
2019-09-30,28.5,28.0,28.5,28.25,676000.0,27.041547775268555
2019-10-01,28.25,27.75,28.0,28.0,337200.0,26.802242279052734
2019-10-02,28.5,27.25,27.75,27.25,1255400.0,26.08432388305664
2019-10-03,27.5,26.75,27.25,27.0,1025900.0,25.84501838684082
2019-10-04,27.75,26.75,27.0,27.5,1558700.0,26.323631286621094
2019-10-07,27.75,27.0,27.5,27.25,459000.0,26.08432388305664
2019-10-08,28.25,27.5,27.5,27.75,1156300.0,26.562936782836914
2019-10-09,28.0,27.25,27.75,27.75,597300.0,26.562936782836914
2019-10-10,29.0,27.5,27.5,28.0,2524100.0,26.802242279052734
2019-10-11,28.5,27.75,28.0,27.75,1648000.0,26.562936782836914
2019-10-15,28.5,27.75,28.0,28.0,566000.0,26.802242279052734
2019-10-16,28.25,27.75,28.0,28.0,327700.0,26.802242279052734
2019-10-17,28.25,27.75,28.0,28.25,540200.0,27.041547775268555
2019-10-18,28.5,28.0,28.0,28.0,1896200.0,26.802242279052734
2019-10-21,28.75,27.5,27.5,28.25,1076700.0,27.041547775268555
2019-10-22,29.0,28.25,28.25,28.75,1562600.0,27.520160675048828
2019-10-24,28.25,27.75,28.0,27.75,1013200.0,27.17738151550293
2019-10-25,27.75,26.5,27.75,26.5,1681600.0,25.953174591064453
2019-10-28,26.0,25.0,25.75,25.25,2367900.0,24.72896957397461
2019-10-29,25.75,23.899999618530273,25.25,24.0,3296400.0,23.504762649536133
2019-10-30,24.700000762939453,24.0,24.100000381469727,24.5,2492400.0,23.99444580078125
2019-10-31,25.75,24.600000381469727,24.700000762939453,25.5,3046200.0,24.97381019592285
2019-11-01,25.75,24.799999237060547,25.0,24.799999237060547,1345300.0,24.288253784179688
2019-11-04,27.0,24.899999618530273,25.0,26.5,1977300.0,25.953174591064453
2019-11-05,27.5,26.75,27.0,27.25,1409900.0,26.687698364257812
2019-11-06,28.0,27.0,27.5,27.75,1170100.0,27.17738151550293
2019-11-07,29.0,27.5,27.75,29.0,3369500.0,28.401588439941406
2019-11-08,30.25,29.0,29.25,30.0,4376500.0,29.380952835083008
2019-11-11,30.0,29.0,29.75,29.75,1655000.0,29.136112213134766
2019-11-12,30.25,28.5,29.75,29.5,2552000.0,28.891271591186523
2019-11-13,30.0,29.25,29.5,30.0,2068500.0,29.380952835083008
2019-11-14,29.5,28.25,29.25,29.25,2864200.0,28.64642906188965
2019-11-15,29.75,28.75,29.0,29.0,2025700.0,28.401588439941406
2019-11-18,29.25,28.5,28.75,28.75,1581900.0,28.156747817993164
2019-11-19,30.0,28.75,29.0,30.0,1975400.0,29.380952835083008
2019-11-20,30.0,29.25,29.5,29.25,1181000.0,28.64642906188965
2019-11-21,30.0,29.0,29.5,30.0,1857200.0,29.380952835083008
2019-11-22,31.75,30.0,30.0,31.25,5830400.0,30.605159759521484
2019-11-25,33.0,31.75,31.75,32.75,5772900.0,32.0742073059082
2019-11-26,33.0,31.5,32.5,31.75,3929300.0,31.0948429107666
2019-11-27,32.0,31.0,31.25,31.25,4282300.0,30.605159759521484
2019-11-28,31.75,30.25,31.25,30.75,4022500.0,30.115476608276367
2019-11-29,31.5,30.25,30.75,31.25,2176100.0,30.605159759521484
2019-12-02,31.5,30.25,31.25,30.75,1748300.0,30.115476608276367
2019-12-03,31.25,30.5,30.5,30.75,905400.0,30.115476608276367
2019-12-04,31.0,29.5,30.25,30.5,2342500.0,29.870635986328125
2019-12-06,32.25,30.75,30.75,31.5,5880200.0,30.850000381469727
2019-12-09,32.0,30.75,31.75,31.75,4571200.0,31.0948429107666
2019-12-11,32.75,31.5,31.75,32.75,5512500.0,32.0742073059082
2019-12-12,33.5,32.25,32.75,32.75,9018500.0,32.0742073059082
2019-12-13,34.0,33.5,34.0,33.5,13085700.0,32.80873107910156
2019-12-16,33.75,32.75,33.5,33.5,5428900.0,32.80873107910156
2019-12-17,33.75,32.75,33.5,33.75,5158700.0,33.05357360839844
2019-12-18,34.0,33.0,33.75,33.25,3615900.0,32.56388854980469
2019-12-19,34.5,33.5,33.5,34.0,8646500.0,33.29841232299805
2019-12-20,34.75,33.75,34.0,34.25,3840700.0,33.54325485229492
2019-12-23,34.5,34.0,34.0,34.25,1592000.0,33.54325485229492
2019-12-24,34.25,33.75,34.25,33.75,1092900.0,33.05357360839844
2019-12-25,34.25,33.5,33.5,34.0,953000.0,33.29841232299805
2019-12-26,35.0,33.75,33.75,34.75,2959000.0,34.032936096191406
2019-12-27,35.5,34.5,35.0,35.0,3574200.0,34.27777862548828
2019-12-30,35.25,34.5,35.0,34.5,1339800.0,33.7880973815918
2020-01-02,34.5,32.25,34.5,33.25,6706700.0,32.56388854980469
2020-01-03,33.5,33.0,33.5,33.0,2233000.0,32.31904983520508
2020-01-06,33.75,32.75,33.0,33.0,5173200.0,32.31904983520508
2020-01-07,33.75,33.0,33.0,33.5,2931700.0,32.80873107910156
2020-01-08,34.0,32.75,33.5,34.0,4473400.0,33.29841232299805
2020-01-09,35.25,34.25,34.25,35.0,4937200.0,34.27777862548828
2020-01-10,35.75,34.75,35.0,35.5,3037200.0,34.767459869384766
2020-01-13,36.0,35.25,35.75,35.5,2436800.0,34.767459869384766
2020-01-14,36.0,35.5,35.5,35.75,2090100.0,35.01230239868164
2020-01-15,35.75,34.75,35.5,35.0,2768200.0,34.27777862548828
2020-01-16,36.25,35.0,35.5,36.0,2496400.0,35.257144927978516
2020-01-17,37.25,36.0,36.25,37.25,3710200.0,36.48134994506836
2020-01-20,37.5,35.5,37.5,35.75,3102800.0,35.01230239868164
2020-01-21,36.25,35.25,35.75,35.5,3509200.0,34.767459869384766
2020-01-22,35.75,35.25,35.5,35.5,1449300.0,34.767459869384766
2020-01-23,36.5,35.5,35.5,36.0,2644000.0,35.257144927978516
2020-01-24,36.5,35.75,36.25,36.25,2787600.0,35.501983642578125
2020-01-27,36.5,35.25,36.25,36.25,4407500.0,35.501983642578125
2020-01-28,36.5,33.25,36.25,35.0,10798700.0,34.27777862548828
2020-01-29,35.25,33.25,35.0,35.0,6191200.0,34.27777862548828
2020-01-30,35.25,34.0,35.0,35.25,1256200.0,34.522621154785156
2020-01-31,35.75,34.25,35.25,35.25,4041400.0,34.522621154785156
2020-02-03,35.0,34.5,34.75,34.75,1844700.0,34.032936096191406
2020-02-04,35.5,34.75,35.25,35.25,2425000.0,34.522621154785156
2020-02-05,36.0,35.0,35.25,36.0,2593400.0,35.257144927978516
2020-02-06,37.75,36.0,36.25,36.75,5605700.0,35.991668701171875
2020-02-07,37.75,36.5,36.5,37.0,4280900.0,36.236507415771484
2020-02-11,37.0,35.5,37.0,35.5,2213700.0,34.767459869384766
2020-02-12,36.75,35.75,35.75,36.25,3411900.0,35.501983642578125
2020-02-13,36.75,34.75,36.5,35.0,6535000.0,34.27777862548828
2020-02-14,35.0,32.5,34.75,32.5,5866000.0,31.82936668395996
2020-02-17,34.0,32.5,32.5,33.5,2750900.0,32.80873107910156
2020-02-18,33.75,32.5,33.25,32.75,1650800.0,32.0742073059082
2020-02-19,34.0,33.0,33.0,33.75,2853300.0,33.05357360839844
2020-02-20,34.5,33.5,33.75,34.0,2468800.0,33.29841232299805
2020-02-21,34.0,33.25,33.75,34.0,2593900.0,33.29841232299805
2020-02-24,34.25,33.25,33.75,33.5,2244900.0,32.80873107910156
2020-02-25,36.25,33.75,33.75,36.25,6003200.0,35.501983642578125
2020-02-26,36.5,34.0,35.5,34.75,4140200.0,34.032936096191406
2020-02-27,36.25,33.0,34.75,36.25,3685800.0,35.501983642578125
2020-02-28,35.0,33.25,34.75,33.5,4094100.0,32.80873107910156
2020-03-02,33.5,30.25,33.25,32.0,8262800.0,31.339683532714844
2020-03-03,32.25,30.75,32.25,31.75,4072100.0,31.0948429107666
2020-03-04,32.0,31.0,31.5,31.75,3325800.0,31.0948429107666
2020-03-05,32.75,31.75,32.0,32.25,3824700.0,31.584524154663086
2020-03-06,32.25,31.25,31.75,31.5,3025000.0,30.850000381469727
2020-03-09,30.5,28.75,29.75,28.75,2300100.0,28.75
2020-03-10,30.25,28.75,29.25,29.0,2545800.0,29.0
2020-03-11,30.0,28.75,29.25,29.0,2305000.0,29.0
2020-03-12,27.75,24.600000381469727,27.75,25.25,3929700.0,25.25
2020-03-13,28.0,23.0,23.0,25.25,5408000.0,25.25
2020-03-16,32.75,24.100000381469727,25.0,24.200000762939453,1389500.0,24.200000762939453
2020-03-17,24.0,21.600000381469727,23.799999237060547,21.600000381469727,4304500.0,21.600000381469727
2020-03-18,22.0,20.600000381469727,21.799999237060547,20.899999618530273,4877600.0,20.899999618530273
2020-03-19,20.299999237060547,19.600000381469727,20.100000381469727,20.0,4071500.0,20.0
2020-03-20,23.0,20.399999618530273,20.700000762939453,22.399999618530273,7315900.0,22.399999618530273
2020-03-23,20.799999237060547,19.600000381469727,20.399999618530273,19.899999618530273,3069100.0,19.899999618530273
2020-03-24,20.5,18.100000381469727,20.399999618530273,19.299999237060547,4691200.0,19.299999237060547
2020-03-25,21.0,19.0,19.799999237060547,20.700000762939453,3358700.0,20.700000762939453
2020-03-26,21.100000381469727,20.100000381469727,20.5,20.700000762939453,2398800.0,20.700000762939453
2020-03-27,21.799999237060547,21.0,21.100000381469727,21.5,3855600.0,21.5
2020-03-30,20.799999237060547,20.799999237060547,20.799999237060547,20.799999237060547,136600.0,20.799999237060547
2020-03-31,23.299999237060547,21.799999237060547,21.899999618530273,23.0,7331300.0,23.0
2020-04-01,24.600000381469727,22.5,22.700000762939453,22.5,3651200.0,22.5
2020-04-02,22.899999618530273,22.100000381469727,22.600000381469727,22.399999618530273,3352800.0,22.399999618530273
2020-04-03,22.700000762939453,21.700000762939453,22.600000381469727,22.399999618530273,1332200.0,22.399999618530273
2020-04-07,25.25,22.899999618530273,23.0,25.0,3693600.0,25.0
2020-04-08,25.25,24.200000762939453,24.799999237060547,24.799999237060547,1644900.0,24.799999237060547
2020-04-09,27.75,24.700000762939453,25.25,25.0,3057100.0,25.0
2020-04-10,26.5,25.5,25.75,26.0,869300.0,26.0
2020-04-13,27.25,25.5,26.0,26.5,2016700.0,26.5
2020-04-14,28.75,27.0,27.5,28.0,4151100.0,28.0
2020-04-15,28.0,26.5,28.0,26.75,914700.0,26.75
2020-04-16,26.75,25.0,26.25,25.25,1649100.0,25.25
2020-04-17,28.25,26.0,26.75,27.5,3171300.0,27.5
2020-04-20,29.0,27.25,28.25,28.0,2417900.0,28.0
2020-04-21,27.75,26.5,27.75,26.75,5017500.0,26.75
2020-04-22,27.5,26.25,27.0,27.25,4182600.0,27.25
2020-04-23,27.75,26.5,27.5,26.75,2319300.0,26.75
2020-04-24,27.25,25.25,27.0,25.75,2039000.0,25.75
2020-04-27,26.5,25.25,26.5,25.5,1737100.0,25.5
2020-04-28,27.25,25.25,25.5,26.75,3570900.0,26.75
2020-04-29,28.25,26.75,27.25,27.75,5112900.0,27.75
2020-04-30,30.0,27.5,28.25,29.0,8491400.0,29.0
2020-05-05,28.25,26.5,28.25,28.0,5389200.0,28.0
2020-05-07,28.5,27.25,27.75,28.25,2683300.0,28.25
2020-05-08,30.5,28.5,28.75,29.5,5172500.0,29.5
2020-05-11,30.5,29.5,30.0,29.5,2116200.0,29.5
2020-05-12,31.5,29.0,29.75,30.75,3430600.0,30.75
2020-05-13,32.25,29.5,31.0,29.75,4661800.0,29.75
2020-05-14,31.0,27.0,29.5,28.0,9639000.0,28.0
2020-05-15,28.75,28.0,28.5,28.0,2555000.0,28.0
2020-05-18,29.0,28.25,28.75,28.25,1353100.0,28.25
2020-05-19,29.5,28.25,29.25,28.75,4347300.0,28.75
2020-05-20,30.5,28.25,29.0,30.0,4028700.0,30.0
2020-05-21,30.5,29.25,30.5,29.5,2410200.0,29.5
2020-05-22,29.25,28.25,28.75,28.5,2640400.0,28.5
2020-05-25,29.75,28.5,29.0,29.0,2227800.0,29.0
2020-05-26,30.75,29.0,29.5,30.0,6751400.0,30.0
2020-05-27,30.75,29.5,30.5,29.75,5752200.0,29.75
2020-05-28,30.25,29.0,30.0,29.0,2250600.0,29.0
2020-05-29,31.25,28.5,29.0,30.0,5778800.0,30.0
2020-06-01,31.0,30.25,30.5,31.0,3157600.0,31.0
2020-06-02,31.5,30.0,31.25,30.0,2543200.0,30.0
2020-06-04,31.0,30.0,30.75,30.0,3264600.0,30.0
2020-06-05,31.25,29.75,30.5,30.75,3025900.0,30.75
2020-06-08,31.75,30.25,31.0,30.5,3191400.0,30.5
2020-06-09,31.25,30.0,30.5,30.25,2850700.0,30.25
2020-06-10,31.25,29.75,30.5,30.25,3764600.0,30.25
2020-06-11,30.0,28.0,29.5,28.5,4485800.0,28.5
2020-06-12,29.75,27.5,27.5,29.5,2637300.0,29.5
2020-06-15,29.5,28.0,29.5,28.75,3255400.0,28.75
2020-06-16,30.0,28.75,29.0,28.75,2493600.0,28.75
2020-06-17,29.25,28.0,28.5,28.0,4821300.0,28.0
2020-06-18,28.25,27.75,28.0,28.0,4730800.0,28.0
2020-06-19,28.25,27.0,28.0,27.25,4709600.0,27.25
2020-06-22,27.5,26.5,27.0,26.5,2722200.0,26.5
2020-06-23,27.75,26.75,27.0,27.5,3883200.0,27.5
2020-06-24,28.25,27.25,28.0,27.5,5908000.0,27.5
2020-06-25,27.75,26.75,27.25,27.25,2433600.0,27.25
