Date,Price,MV,VA,VO,DY
2014-01-01,6.04,47820.51,NA,NA,1.34
2014-01-02,5.59,44251.83,1509548.0,261205.0,1.45
2014-01-03,5.41,42824.36,1459637.0,267513.3,1.5
2014-01-06,5.72,45322.4,1910654.0,357821.8,1.42
2014-01-07,5.9,46749.9,1398922.0,246207.8,1.37
2014-01-08,5.86,46393.02,1366055.0,234509.6,1.38
2014-01-09,5.72,45322.4,1370177.0,233480.1,1.42
2014-01-10,5.9,46749.9,1174668.0,206761.4,1.37
2014-01-13,6.26,49604.85,1218185.0,201681.9,1.29
2014-01-14,6.49,51389.19,1896872.0,296119.7,1.25
2014-01-15,6.4,50675.46,1323266.0,205670.1,1.27
2014-01-16,6.67,52816.69,2707169.0,407347.7,1.22
2014-01-17,6.58,52102.92,2178236.0,330356.8,1.23
2014-01-20,6.49,51389.19,1076938.0,165588.7,1.25
2014-01-21,6.58,52102.92,1361994.0,207653.7,1.23
2014-01-22,6.53,51746.08,1696786.0,262613.7,1.24
2014-01-23,6.4,50675.46,1927797.0,298611.0,1.27
2014-01-24,6.44,51032.35,1711922.0,265830.4,1.26
2014-01-27,6.26,49604.85,879254.7,139592.3,1.29
2014-01-28,6.17,48891.13,1435255.0,233699.9,1.31
2014-01-29,6.17,48891.13,1224828.0,201009.4,1.31
2014-01-30,6.17,48891.13,891093.5,145723.2,1.31
2014-01-31,6.35,50318.58,1004613.0,158998.1,1.28
2014-02-03,6.58,52102.92,1741020.0,266439.8,1.23
2014-02-04,6.44,51032.35,2318951.0,360891.6,1.26
2014-02-05,6.44,51032.35,1840980.0,286084.1,1.26
2014-02-06,6.44,51032.35,1652856.0,257112.8,1.26
2014-02-07,6.58,52102.92,2845753.0,431537.3,1.23
2014-02-10,6.76,53530.42,3231740.0,477528.2,1.2
2014-02-11,6.76,53530.42,1770373.0,260271.9,3.33
2014-02-12,6.98,55314.76,1897618.0,275279.6,3.23
2014-02-13,6.94,54957.91,1344724.0,193226.8,3.25
2014-02-14,6.94,54957.91,NA,NA,3.25
2014-02-17,6.98,55314.76,1541804.0,220534.8,3.23
2014-02-18,7.03,55671.64,1749185.0,248800.8,3.21
2014-02-19,7.12,56385.37,1614037.0,225945.8,3.16
2014-02-20,6.94,54957.91,2652119.0,377305.9,3.25
2014-02-21,6.94,54957.91,1184397.0,173631.8,3.25
2014-02-24,6.94,54957.91,720518.3,104404.3,3.25
2014-02-25,6.98,55314.76,725617.4,104261.5,3.23
2014-02-26,6.85,54244.14,755480.2,109274.4,3.29
2014-02-27,7.03,55671.64,894492.1,128467.1,3.21
2014-02-28,6.98,55314.76,866262.4,124514.1,3.23
2014-03-03,6.94,54957.91,821824.7,117257.5,3.25
2014-03-04,7.03,55671.64,604966.3,86040.0,3.21
2014-03-05,7.03,55671.64,945646.9,133793.8,3.21
2014-03-06,7.03,55671.64,461113.4,65330.5,3.21
2014-03-07,7.07,56028.48,418897.8,59442.7,3.18
2014-03-10,7.48,59240.32,2382190.0,325900.6,3.01
2014-03-11,7.66,60667.82,1287620.0,169640.9,2.94
2014-03-12,7.52,59597.21,570364.8,75359.6,2.99
2014-03-13,7.61,60310.94,821915.2,108243.9,2.96
2014-03-14,7.61,60310.94,682296.5,90230.8,2.96
2014-03-17,7.61,60310.94,799630.3,105440.9,2.96
2014-03-18,7.61,60310.94,1167354.0,151994.6,2.96
2014-03-19,7.75,61381.55,1372495.0,178982.7,2.91
2014-03-20,7.66,60667.82,697644.3,91219.2,2.94
2014-03-21,7.57,59954.09,995633.4,131271.9,2.98
2014-03-24,7.07,56028.48,2740746.0,382846.1,3.18
2014-03-25,7.21,57099.14,2527064.0,351205.1,3.13
2014-03-26,7.12,56385.37,1043068.0,145693.2,3.16
2014-03-27,7.03,55671.64,801230.9,113682.9,3.21
2014-03-28,7.16,56742.25,1190229.0,169107.6,3.14
2014-03-31,7.12,56385.37,572658.9,79856.7,3.16
2014-04-01,7.48,59240.32,1148730.0,156734.3,3.01
2014-04-02,7.57,59954.09,1074737.0,142859.9,2.98
2014-04-03,7.48,59240.32,598965.3,79905.8,3.01
2014-04-04,7.34,58169.71,596367.9,80681.0,3.07
2014-04-07,7.34,58169.71,NA,NA,3.07
2014-04-08,7.16,56742.25,1453388.0,202315.0,3.14
2014-04-09,7.21,57099.14,843500.1,118099.8,3.13
2014-04-10,7.3,57812.87,473946.3,65512.5,3.09
2014-04-11,7.34,58169.71,983786.6,135656.7,3.07
2014-04-14,7.34,58169.71,NA,NA,3.07
2014-04-15,7.34,58169.71,NA,NA,3.07
2014-04-16,7.3,57812.87,738103.6,101346.7,3.09
2014-04-17,7.43,58883.48,748701.7,101373.7,3.03
2014-04-18,7.57,59954.09,1461711.0,193828.3,2.98
2014-04-21,7.48,59240.32,391289.8,51972.5,3.01
2014-04-22,7.61,60310.94,857435.8,112847.9,2.96
2014-04-23,7.66,60667.82,603270.7,78879.3,2.94
2014-04-24,7.52,59597.21,538989.3,70743.4,2.99
2014-04-25,7.48,59240.32,1152262.0,153103.0,3.01
2014-04-28,7.39,58526.59,597414.1,80378.3,3.05
2014-04-29,7.48,59240.32,548924.2,73932.3,3.01
2014-04-30,7.48,59240.32,370043.4,49546.9,3.01
2014-05-01,7.48,59240.32,NA,NA,3.01
2014-05-02,7.61,60310.94,884508.3,116657.9,2.96
2014-05-05,7.61,60310.94,NA,NA,2.96
2014-05-06,7.25,57455.98,2033070.0,275794.3,3.11
2014-05-07,7.21,57099.14,2046316.0,283519.3,3.13
2014-05-08,7.21,57099.14,1960404.0,276676.2,3.13
2014-05-09,7.12,56385.37,1244046.0,175802.2,3.16
2014-05-12,7.16,56742.25,678138.8,95091.5,3.14
2014-05-13,7.16,56742.25,NA,NA,3.14
2014-05-14,7.34,58169.71,1097234.0,151065.3,3.07
2014-05-15,7.34,58169.71,776569.1,106842.9,3.07
2014-05-16,7.3,57812.87,718104.6,98639.6,3.09
2014-05-19,7.3,57812.87,233243.4,31967.1,3.09
2014-05-20,7.21,57099.14,970174.6,134980.9,3.13
2014-05-21,7.25,57455.98,783160.4,108345.6,3.11
2014-05-22,7.21,57099.14,804060.3,111344.8,3.13
2014-05-23,7.12,56385.37,961813.8,135786.0,3.16
2014-05-26,6.98,55314.76,926141.6,131506.8,3.23
2014-05-27,6.98,55314.76,774233.2,109480.5,3.23
2014-05-28,7.12,56385.37,733886.7,103200.8,3.16
2014-05-29,7.16,56742.25,382432.6,53651.8,3.14
2014-05-30,7.12,56385.37,1064455.0,148896.8,3.16
2014-06-02,7.3,57812.87,1544687.0,213903.7,3.09
2014-06-03,7.48,59240.32,1984097.0,267242.0,3.01
2014-06-04,7.52,59597.21,1378770.0,184501.2,2.99
2014-06-05,7.43,58883.48,789630.4,105812.8,3.03
2014-06-06,7.39,58526.59,1045983.0,141006.9,3.05
2014-06-09,7.21,57099.14,1123909.0,153302.4,3.13
2014-06-10,7.52,59597.21,2037962.0,274688.9,2.99
2014-06-11,7.52,59597.21,3335633.0,434170.2,2.99
2014-06-12,7.52,59597.21,1250399.0,164272.6,2.99
2014-06-13,7.43,58883.48,1500474.0,201656.8,3.03
2014-06-16,7.34,58169.71,638274.4,86416.6,3.07
2014-06-17,7.43,58883.48,943265.2,126587.1,3.03
2014-06-18,7.21,57099.14,1025444.0,140790.4,3.13
2014-06-19,7.39,58526.59,1152157.0,157745.4,3.05
2014-06-20,7.43,58883.48,456913.5,61742.1,3.03
2014-06-23,7.52,59597.21,858157.8,114194.9,2.99
2014-06-24,7.39,58526.59,513873.1,69108.1,3.05
2014-06-25,7.66,60667.82,1845291.0,242817.0,2.94
2014-06-26,7.57,59954.09,1146924.0,150482.0,2.98
2014-06-27,7.52,59597.21,895350.5,118183.9,2.99
2014-06-30,7.48,59240.32,832754.8,111497.1,3.01
2014-07-01,7.48,59240.32,NA,NA,3.01
2014-07-02,7.34,58169.71,1142647.0,154614.9,3.07
2014-07-03,7.52,59597.21,1212168.0,163031.7,2.99
2014-07-04,7.34,58169.71,2924656.0,398643.8,3.07
2014-07-07,7.21,57099.14,989084.1,136126.3,3.13
2014-07-08,7.3,57812.87,1204721.0,163931.5,3.09
2014-07-09,7.3,57812.87,609590.4,83555.4,3.09
2014-07-10,7.3,57812.87,1250445.0,171831.6,3.09
2014-07-11,7.3,57812.87,NA,NA,3.09
2014-07-14,7.3,57812.87,702365.5,95867.9,3.09
2014-07-15,7.25,57455.98,555309.6,76285.9,3.11
2014-07-16,7.34,58169.71,651857.5,89176.6,3.07
2014-07-17,7.25,57455.98,955477.4,131141.4,3.11
2014-07-18,7.3,57812.87,2330039.0,316796.9,3.09
2014-07-21,7.3,57812.87,587779.1,80592.8,3.09
2014-07-22,7.25,57455.98,1653389.0,228861.2,3.11
2014-07-23,7.21,57099.14,502246.2,69668.6,3.13
2014-07-24,7.16,56742.25,412182.8,57261.7,3.14
2014-07-25,7.25,57455.98,884533.7,123410.4,3.11
2014-07-28,7.12,56385.37,662829.9,93017.7,3.16
2014-07-29,6.85,54244.14,1386556.0,199395.2,3.29
2014-07-30,6.62,52459.8,2543419.0,381533.3,3.4
2014-07-31,6.76,53530.42,1283449.0,190868.0,3.33
2014-08-01,6.85,54244.14,951892.5,141613.0,3.29
2014-08-04,6.49,51389.19,4309884.0,667600.3,3.47
2014-08-05,6.53,51746.08,1847455.0,281829.9,3.45
2014-08-06,5.9,46749.9,6156125.0,1016226.0,3.82
2014-08-07,5.99,47463.63,3098813.0,516148.9,3.76
2014-08-08,5.99,47463.63,1960087.0,329744.5,3.76
2014-08-11,5.99,47463.63,NA,NA,3.76
2014-08-12,5.99,47463.63,NA,NA,3.76
2014-08-13,5.63,44608.68,2385929.0,413676.6,4.0
2014-08-14,5.86,46393.02,4521180.0,788162.1,3.85
2014-08-15,5.9,46749.9,1364393.0,233257.0,3.82
2014-08-18,5.77,45679.29,1893008.0,331250.9,3.91
2014-08-19,5.77,45679.29,946658.1,164364.6,3.91
2014-08-20,5.99,47463.63,1936724.0,327209.1,3.76
2014-08-21,6.04,47820.51,827036.2,138487.1,3.73
2014-08-22,6.08,48177.39,1338770.0,221837.0,3.7
2014-08-25,5.99,47463.63,1597974.0,268210.6,3.76
2014-08-26,5.9,46749.9,293442.5,49593.8,3.82
2014-08-27,5.95,47106.79,411270.5,69649.3,3.79
2014-08-28,5.86,46393.02,926899.8,159788.3,3.85
2014-08-29,5.77,45679.29,589352.4,102061.3,3.91
2014-09-01,5.63,44608.68,552359.4,97511.5,4.0
2014-09-02,5.72,45322.4,376023.6,66435.7,3.94
2014-09-03,5.72,45322.4,236401.9,41355.7,3.94
2014-09-04,5.77,45679.29,456251.2,79657.9,3.91
2014-09-05,6.04,47820.51,2087231.0,349535.1,3.73
2014-09-08,6.04,47820.51,791017.6,130194.4,3.73
2014-09-09,6.53,51746.08,5929463.0,901227.3,3.45
2014-09-10,6.31,49961.73,1959811.0,307559.5,3.57
2014-09-11,6.17,48891.13,2001922.0,324099.3,3.65
2014-09-12,6.44,51032.35,2571846.0,400494.0,3.5
2014-09-15,6.58,52102.92,786301.2,120419.5,3.42
2014-09-16,6.35,50318.58,1310886.0,199954.8,3.55
2014-09-17,6.4,50675.46,1159860.0,183619.5,3.52
2014-09-18,6.44,51032.35,869385.5,137467.2,3.5
2014-09-19,6.49,51389.19,520300.9,81115.1,3.47
2014-09-22,6.49,51389.19,337845.3,52229.7,3.47
2014-09-23,6.49,51389.19,478953.2,74292.1,3.47
2014-09-24,6.4,50675.46,431541.6,67447.9,3.52
2014-09-25,6.44,51032.35,606939.0,94179.1,3.5
2014-09-26,6.44,51032.35,NA,NA,3.5
2014-09-29,5.99,47463.63,928843.3,151603.2,3.76
2014-09-30,6.04,47820.51,496545.4,83301.5,3.73
2014-10-01,6.04,47820.51,216626.9,36102.8,3.73
2014-10-02,5.68,44965.56,440919.2,75513.9,3.97
2014-10-03,6.08,48177.39,661043.8,114334.1,3.7
2014-10-06,5.81,46036.17,377380.8,64622.1,3.88
2014-10-07,5.95,47106.79,543549.2,93521.6,3.79
2014-10-08,5.81,46036.17,532633.9,91435.2,3.88
2014-10-09,5.95,47106.79,420202.8,71105.1,3.79
2014-10-10,5.86,46393.02,280062.2,47797.5,3.85
2014-10-13,5.77,45679.29,438205.6,75991.9,3.91
2014-10-14,5.72,45322.4,324596.9,56334.5,3.94
2014-10-15,5.81,46036.17,604471.7,104693.6,3.88
2014-10-16,5.81,46036.17,197224.4,34089.4,3.88
2014-10-17,5.9,46749.9,702293.4,121549.6,3.82
2014-10-20,5.86,46393.02,566351.3,96052.6,3.85
2014-10-21,5.95,47106.79,371427.1,63267.8,3.79
2014-10-22,6.22,49247.97,882470.8,144359.7,3.62
2014-10-23,6.22,49247.97,NA,NA,3.62
2014-10-24,6.26,49604.85,288300.3,46241.6,3.6
2014-10-27,6.53,51746.08,1089461.0,168213.1,3.45
2014-10-28,6.44,51032.35,1271212.0,197941.8,3.5
2014-10-29,6.49,51389.19,697026.8,107261.0,3.47
2014-10-30,6.67,52816.69,1238341.0,187017.8,3.38
2014-10-31,6.71,53173.53,753063.4,112671.6,3.36
2014-11-03,6.53,51746.08,831730.0,126370.4,3.45
2014-11-04,6.67,52816.69,604996.8,91577.6,3.38
2014-11-05,6.53,51746.08,553867.5,84347.9,3.45
2014-11-06,6.58,52102.92,662567.8,100103.3,3.42
2014-11-07,6.85,54244.14,1870514.0,274821.0,3.29
2014-11-10,6.8,53887.3,929540.7,135379.9,3.31
2014-11-11,6.85,54244.14,928748.7,135985.9,3.29
2014-11-12,6.8,53887.3,674790.3,99168.2,3.31
2014-11-13,6.76,53530.42,736185.3,108762.3,3.33
2014-11-14,6.76,53530.42,819137.1,120335.4,3.33
2014-11-17,6.85,54244.14,693596.1,101580.4,3.29
2014-11-18,6.85,54244.14,561979.3,82315.6,3.29
2014-11-19,6.71,53173.53,410371.5,60745.6,3.36
2014-11-20,6.85,54244.14,797547.1,117659.8,3.29
2014-11-21,6.89,54601.03,727397.1,106343.0,3.27
2014-11-24,7.07,56028.53,1322118.0,186989.6,3.18
2014-11-25,7.3,57812.87,1177924.0,163498.4,3.09
2014-11-26,7.25,57455.98,1354918.0,187575.7,3.11
2014-11-27,7.12,56385.37,1946153.0,270695.8,3.16
2014-11-28,7.12,56385.37,736612.1,103883.3,3.16
2014-12-01,6.98,55314.76,587868.0,83638.2,3.23
2014-12-02,7.21,57099.14,1099073.0,154630.2,3.13
2014-12-03,7.12,56385.37,447345.1,62428.4,3.16
2014-12-04,7.12,56385.37,1374649.0,192706.9,3.16
2014-12-05,7.12,56385.37,NA,NA,3.16
2014-12-08,6.94,54957.91,499.0,71921.0,3.25
2014-12-09,6.85,54244.14,629414.3,91753.6,3.29
2014-12-10,6.85,54244.14,NA,NA,3.29
2014-12-11,6.8,53887.3,941686.8,139826.1,3.31
2014-12-12,6.49,51389.19,1031120.0,155910.9,3.47
2014-12-15,6.13,48534.24,2315372.0,385078.3,3.68
2014-12-16,6.13,48534.24,1825237.0,307518.0,3.68
2014-12-17,6.44,51032.35,1038712.0,167665.8,3.5
2014-12-18,6.44,51032.35,723096.3,112501.8,3.5
2014-12-19,6.58,52102.96,696964.8,106404.6,3.42
2014-12-22,6.71,53173.53,397465.6,59737.0,3.36
2014-12-23,6.62,52459.8,311996.6,46615.5,3.4
2014-12-24,6.76,53530.42,809675.2,118740.8,3.33
2014-12-25,6.58,52102.96,811890.3,122194.6,3.42
2014-12-26,6.67,52816.69,712462.3,108799.2,3.38
2014-12-29,6.44,51032.35,213551.8,32525.9,3.5
2014-12-30,6.62,52459.8,234175.1,35697.1,3.4
2014-12-31,6.62,52459.8,NA,NA,3.4
2015-01-01,6.62,52459.8,NA,NA,3.4
2015-01-02,6.62,52459.8,NA,NA,3.4
2015-01-05,6.62,52459.8,159625.0,24004.6,3.4
2015-01-06,6.58,52102.96,381866.6,58198.0,3.42
2015-01-07,6.67,52816.69,564401.9,84526.5,3.38
2015-01-08,6.8,53887.3,593747.1,87501.1,3.31
2015-01-09,6.85,54244.14,575535.2,83831.8,3.29
2015-01-12,6.76,53530.42,376742.0,55365.9,3.33
2015-01-13,6.67,52816.69,332132.2,49545.3,3.38
2015-01-14,6.8,53887.3,411258.1,61080.6,3.31
2015-01-15,6.67,52816.69,250525.3,37259.9,3.38
2015-01-16,6.76,53530.42,257986.3,38429.9,3.33
2015-01-19,6.67,52816.69,228400.8,34085.0,3.38
2015-01-20,6.76,53530.42,319544.8,47525.0,3.33
2015-01-21,7.12,56385.37,1648870.0,233081.8,3.16
2015-01-22,7.25,57455.98,957524.9,131759.9,3.11
2015-01-23,7.12,56385.37,1020834.0,142211.7,3.16
2015-01-26,7.16,56742.25,814477.6,113137.4,3.14
2015-01-27,7.12,56385.37,672056.9,94130.1,3.16
2015-01-28,7.25,57455.98,1249086.0,172291.9,3.11
2015-01-29,7.34,58169.71,2024137.0,273909.2,3.07
2015-01-30,7.48,59240.32,1503562.0,202001.4,3.01
2015-02-02,7.66,60667.82,1334062.0,176779.5,2.94
2015-02-03,7.39,58526.59,2125722.0,282204.9,3.05
2015-02-04,7.43,58883.48,1612910.0,214852.6,3.03
2015-02-05,7.57,59954.09,1016540.0,135212.9,2.98
2015-02-06,7.52,59597.21,518870.8,69098.3,2.99
2015-02-09,7.39,58526.59,378471.9,51019.8,3.05
2015-02-10,7.34,58169.71,709863.4,96350.1,3.07
2015-02-11,7.43,58883.48,403512.8,54241.5,3.03
2015-02-12,7.61,60310.94,1287228.0,169799.1,2.96
2015-02-13,7.61,60310.94,510318.9,66783.8,2.96
2015-02-16,7.43,58883.48,779198.8,103854.3,3.03
2015-02-17,7.21,57099.14,904788.3,123230.0,3.13
2015-02-18,7.25,57455.98,740795.1,101594.1,3.11
2015-02-19,7.3,57812.87,382203.5,52512.1,3.09
2015-02-20,7.52,59597.21,736149.5,99765.7,2.99
2015-02-23,7.93,62809.05,6494953.0,823749.3,2.84
2015-02-24,8.2,64950.27,4043218.0,493685.6,2.75
2015-02-25,8.06,63879.66,1594988.0,196146.1,2.79
2015-02-26,8.02,63522.77,2367838.0,293835.6,2.81
2015-02-27,7.97,63165.89,1970169.0,244549.8,1.69
2015-03-02,8.02,63522.77,2228009.0,276595.9,1.69
2015-03-03,7.79,61738.43,2332011.0,295112.1,1.73
2015-03-04,7.79,61738.43,NA,NA,1.73
2015-03-05,6.26,49604.85,2847156.0,445984.1,2.16
2015-03-06,6.31,49961.73,1597864.0,253407.3,2.14
2015-03-09,6.13,48534.24,1069816.0,172555.5,2.21
2015-03-10,6.04,47820.51,1148771.0,188621.8,2.24
2015-03-11,6.04,47820.51,1756157.0,295473.6,2.24
2015-03-12,6.44,51032.35,1364740.0,221118.3,2.1
2015-03-13,6.49,51389.19,1217806.0,189537.4,2.08
2015-03-16,6.22,49247.97,839238.9,133529.1,2.17
2015-03-17,6.22,49247.97,1626453.0,264699.2,2.17
2015-03-18,6.44,51032.35,1485532.0,235153.1,2.1
2015-03-19,5.95,47106.79,3259516.0,532277.8,2.27
2015-03-20,5.36,42467.48,5385895.0,960400.7,2.52
2015-03-23,5.23,41396.88,4473573.0,866541.6,2.59
2015-03-24,5.5,43538.06,2945287.0,568036.6,2.46
2015-03-25,5.32,42110.61,1792800.0,332224.6,2.54
2015-03-26,5.09,40326.26,2475467.0,487309.5,2.65
2015-03-27,5.14,40683.13,1612253.0,315477.5,2.63
2015-03-30,5.14,40683.13,1082830.0,211232.9,2.63
2015-03-31,5.18,41040.0,1143525.0,222875.1,2.61
2015-04-01,5.09,40326.26,1604765.0,317111.8,2.65
2015-04-02,5.05,39969.4,813947.8,159583.7,2.68
2015-04-03,5.18,41040.0,1328363.0,260314.0,2.61
2015-04-06,5.18,41040.0,NA,NA,2.61
2015-04-07,5.18,41040.0,832038.1,160228.3,2.61
2015-04-08,5.05,39969.4,1079740.0,210501.2,2.68
2015-04-09,5.05,39969.4,523891.8,103558.3,2.68
2015-04-10,4.96,39255.66,2236037.0,451846.9,2.73
2015-04-13,4.96,39255.66,NA,NA,2.73
2015-04-14,4.96,39255.66,NA,NA,2.73
2015-04-15,4.96,39255.66,NA,NA,2.73
2015-04-16,5.0,39612.53,641163.6,127891.0,2.7
2015-04-17,5.09,40326.26,592745.1,117309.8,2.65
2015-04-20,5.09,40326.26,464316.9,91818.5,2.65
2015-04-21,5.09,40326.26,252327.2,49781.7,2.65
2015-04-22,5.05,39969.4,415308.0,82276.6,2.68
2015-04-23,5.09,40326.26,721882.9,142785.0,2.65
2015-04-24,5.14,40683.13,354386.2,69458.5,2.63
2015-04-27,5.09,40326.26,344738.0,67705.6,2.65
2015-04-28,4.96,39255.66,667997.8,133711.1,2.73
2015-04-29,4.96,39255.66,745885.6,151065.5,2.73
2015-04-30,4.96,39255.66,620745.6,125896.1,2.73
2015-05-01,4.96,39255.66,NA,NA,2.73
2015-05-04,4.96,39255.66,NA,NA,2.73
2015-05-05,4.96,39255.66,NA,NA,2.73
2015-05-06,4.87,38541.91,406741.6,83056.5,2.78
2015-05-07,4.64,36757.57,846548.3,179308.4,2.91
2015-05-08,4.43,35115.97,2153607.0,482234.6,3.05
2015-05-11,4.6,36400.7,845096.6,186552.5,2.94
2015-05-12,4.6,36400.7,416294.4,91321.4,2.94
2015-05-13,4.82,38185.05,652847.4,137423.2,2.8
2015-05-14,5.05,39969.4,1148266.0,231276.3,2.68
2015-05-15,5.0,39612.53,502630.0,100358.6,2.7
2015-05-18,4.96,39255.66,347885.0,70232.4,2.73
2015-05-19,4.96,39255.66,458646.9,92575.9,2.73
2015-05-20,5.14,40683.13,1701912.0,333789.1,2.63
2015-05-21,5.18,41040.0,875073.9,169583.3,2.61
2015-05-22,5.18,41040.0,608336.0,118014.2,2.61
2015-05-25,5.09,40326.26,384672.3,75300.1,2.65
2015-05-26,5.05,39969.4,457175.9,90621.1,2.68
2015-05-27,5.05,39969.4,460774.0,92340.5,2.68
2015-05-28,4.91,38898.79,644655.3,130190.4,2.75
2015-05-29,5.05,39969.4,375954.1,75289.6,2.68
2015-06-01,5.05,39969.4,NA,NA,2.68
2015-06-02,5.14,40683.13,570048.4,112158.8,2.63
2015-06-03,5.18,41040.0,1080066.0,209610.7,2.61
2015-06-04,5.41,42824.36,894378.1,168981.9,2.5
2015-06-05,5.54,43894.95,1969600.0,359974.8,2.44
2015-06-08,5.5,43538.06,1188085.0,215752.6,2.46
2015-06-09,5.54,43894.95,1767829.0,323931.4,2.44
2015-06-10,5.54,43894.95,2045118.0,368364.9,2.44
2015-06-11,5.59,44251.83,1489995.0,268859.7,2.42
2015-06-12,5.63,44608.68,1298552.0,232598.9,2.4
2015-06-15,5.59,44251.83,1345156.0,241532.6,2.42
2015-06-16,5.41,42824.36,1576282.0,286978.5,2.5
2015-06-17,5.54,43894.95,1005614.0,183574.1,2.44
2015-06-18,5.5,43538.06,1385457.0,251843.0,2.46
2015-06-19,5.45,43181.22,1996688.0,366616.3,2.48
2015-06-22,5.41,42824.36,1176261.0,216342.1,2.5
2015-06-23,5.5,43538.06,1677114.0,307430.5,2.46
2015-06-24,5.54,43894.95,2162041.0,391010.6,2.44
2015-06-25,5.5,39255.66,1308836.0,238922.0,2.73
2015-06-26,5.5,39255.66,645341.7,117986.8,2.73
2015-06-29,5.45,38898.79,1280357.0,237696.8,2.75
2015-06-30,5.3,37828.18,1065696.0,199365.8,2.83
2015-07-01,5.3,37828.18,NA,NA,2.83
2015-07-02,5.45,38120.92,816211.3,151264.7,2.75
2015-07-03,5.35,37421.46,1073560.0,200647.9,2.8
2015-07-06,5.2,36372.25,1116576.0,212799.1,2.88
2015-07-07,5.4,37771.18,958490.6,180506.8,2.78
2015-07-08,5.4,37771.18,314669.6,58781.4,2.78
2015-07-09,5.3,37071.72,820869.9,154506.3,2.83
2015-07-10,5.45,38120.92,778465.8,144155.6,2.75
2015-07-13,5.45,38120.92,1039559.0,191763.4,2.75
2015-07-14,5.4,37771.18,642987.9,119025.5,2.78
2015-07-15,5.45,38120.92,1168800.0,213457.9,2.75
2015-07-16,5.3,37071.72,1459803.0,274323.7,2.83
2015-07-17,5.25,36721.99,882765.8,168648.4,2.86
2015-07-20,5.2,36372.25,1006546.0,194435.0,2.88
2015-07-21,5.25,36721.99,907399.9,175381.8,2.86
2015-07-22,5.15,36022.52,1621040.0,316222.4,2.91
2015-07-23,5.15,36022.52,1350914.0,262236.8,2.91
2015-07-24,5.05,35323.06,1027856.0,201887.6,2.97
2015-07-27,4.92,34413.75,1595707.0,319416.1,3.05
2015-07-28,5.0,34973.32,1260377.0,256199.8,3.0
2015-07-29,5.0,34973.32,484111.9,96519.3,3.0
2015-07-30,5.0,34973.32,NA,NA,3.0
2015-07-31,5.0,34973.32,627653.3,124825.1,3.0
2015-08-03,5.1,35672.79,897094.9,177110.5,2.94
2015-08-04,5.1,35672.79,1024652.0,202897.3,2.94
2015-08-05,5.05,35323.06,735172.9,145449.9,2.97
2015-08-06,5.05,35323.06,504551.8,99835.4,2.97
2015-08-07,5.05,35323.06,389529.8,77155.8,2.97
2015-08-10,5.1,35672.79,2400711.0,468069.9,2.94
2015-08-11,5.05,35323.06,1548071.0,301067.3,2.97
2015-08-12,5.05,35323.06,NA,NA,2.97
2015-08-13,5.05,35323.06,2268097.0,451427.9,2.97
2015-08-14,5.05,35323.06,944611.9,186681.1,2.97
2015-08-17,5.1,35672.79,778205.1,153392.4,2.94
2015-08-18,5.0,34973.32,1349201.0,269645.4,3.0
2015-08-19,5.0,34973.32,824868.6,164419.3,3.0
2015-08-20,5.15,36022.52,1544344.0,304406.5,2.91
2015-08-21,5.2,36372.25,1418970.0,277168.6,2.88
2015-08-24,5.1,35672.79,2151919.0,424663.2,2.94
2015-08-25,5.1,35672.79,2063589.0,409184.3,2.94
2015-08-26,5.05,35323.06,1589759.0,313417.4,2.97
2015-08-27,5.2,36372.25,1546677.0,301019.8,2.88
2015-08-28,5.25,36721.99,921559.1,177341.4,2.86
2015-08-31,5.65,39519.85,1346964.0,247374.4,2.65
2015-09-01,5.7,39869.59,1891489.0,335707.8,2.63
2015-09-02,5.65,39519.85,3181781.0,566305.6,2.65
2015-09-03,5.7,39869.59,3258531.0,571446.2,2.63
2015-09-04,5.6,39170.12,2344575.0,412379.2,2.68
2015-09-07,5.7,39869.59,3019883.0,531646.5,2.63
2015-09-08,5.75,40219.32,2315668.0,407740.3,2.61
2015-09-09,5.9,41268.52,4373858.0,752456.3,2.54
2015-09-10,5.9,41268.52,2780906.0,475232.4,2.54
2015-09-11,6.0,41967.99,5221228.0,875404.8,2.5
2015-09-14,5.85,40918.79,2689189.0,453015.6,2.56
2015-09-15,5.7,39869.59,4725776.0,803517.4,2.63
2015-09-16,5.8,40569.05,2675054.0,461179.0,2.59
2015-09-17,5.75,40219.32,923028.1,159247.4,2.61
2015-09-18,5.8,40569.05,1289414.0,223345.4,2.59
2015-09-21,5.75,40219.32,862855.6,149946.9,2.61
2015-09-22,5.75,40219.32,1755381.0,303598.6,2.61
2015-09-23,5.7,39869.59,1833395.0,321002.7,2.63
2015-09-24,5.65,39519.85,1745115.0,308375.8,2.65
2015-09-25,5.55,38820.39,2391821.0,431995.1,2.7
2015-09-28,5.4,37771.18,989220.3,181301.4,2.78
2015-09-29,5.55,38820.39,2048670.0,377872.6,2.7
2015-09-30,5.6,39170.12,2443564.0,442326.9,2.68
2015-10-01,5.45,38120.92,2384273.0,431894.9,2.75
2015-10-02,5.5,38470.65,704523.3,128376.4,2.73
2015-10-05,5.5,38470.65,1182618.0,214988.9,2.73
2015-10-06,5.6,39170.12,3294499.0,591241.4,2.68
2015-10-07,5.55,39590.76,2066769.0,371524.3,2.7
2015-10-08,5.65,40304.1,3183981.0,566693.3,2.65
2015-10-09,5.65,40304.1,4542697.0,803336.0,2.65
2015-10-12,5.5,39234.09,2170101.0,389612.1,2.73
2015-10-13,5.55,39590.76,3210869.0,579794.1,2.7
2015-10-14,5.45,38877.41,1797216.0,328125.2,2.75
2015-10-15,5.5,39234.09,1776182.0,324089.0,2.73
2015-10-16,5.45,38877.41,3823393.0,693908.6,2.75
2015-10-19,5.5,39234.09,406371.6,73931.6,2.73
2015-10-20,5.45,38877.41,324415.7,59183.8,2.75
2015-10-21,5.5,39234.09,469521.1,85521.7,2.73
2015-10-22,5.55,39590.76,3197788.0,580320.6,2.7
2015-10-23,5.55,39590.76,NA,NA,2.7
2015-10-26,5.5,39234.09,2571991.0,464662.1,2.73
2015-10-27,5.55,39590.76,758723.3,136972.6,2.7
2015-10-28,5.55,39590.76,3320987.0,598913.9,2.7
2015-10-29,5.6,39947.44,2023038.0,365093.1,29.24
2015-10-30,5.65,40304.1,1816428.0,323605.3,28.98
2015-11-02,5.65,40304.1,1859862.0,330259.6,28.98
2015-11-03,5.75,41017.45,4348038.0,764100.1,28.48
2015-11-04,5.8,41374.13,2638787.0,458669.9,28.23
2015-11-05,5.9,42087.47,2583205.0,443555.5,27.75
2015-11-06,6.0,42800.82,3453469.0,581125.3,27.29
2015-11-09,6.0,42800.82,4106933.0,684314.4,27.29
2015-11-10,5.85,41730.8,1352322.0,227639.2,27.99
2015-11-11,5.5,39234.09,5825224.0,1034044.0,29.77
2015-11-12,5.5,39234.09,4707291.0,881223.7,29.77
2015-11-13,5.2,37094.04,3785270.0,712757.8,31.49
2015-11-16,5.25,37450.72,3606265.0,690344.1,31.19
2015-11-17,5.25,37450.72,1860590.0,355715.4,31.19
2015-11-18,5.25,37450.72,1521566.0,291707.4,31.19
2015-11-19,5.2,37094.04,1596502.0,307328.4,31.49
2015-11-20,5.15,36737.37,1428296.0,276466.8,31.8
2015-11-23,5.1,36380.7,1654182.0,320644.6,32.11
2015-11-24,5.1,36380.7,1579411.0,309365.5,32.11
2015-11-25,5.1,36380.7,1592304.0,313488.7,32.11
2015-11-26,4.96,35382.01,2173376.0,434572.1,33.01
2015-11-27,4.8,34240.66,2562372.0,525244.9,34.11
2015-11-30,4.66,33241.97,1606141.0,336865.8,35.14
2015-12-01,4.52,32243.29,2142256.0,468256.4,36.23
2015-12-02,4.42,31529.94,2299855.0,507374.3,37.05
2015-12-03,4.8,34240.66,2207771.0,488835.3,34.11
2015-12-04,4.7,33527.31,889505.6,186165.1,34.84
2015-12-07,4.7,33527.31,NA,NA,34.84
2015-12-08,4.54,32385.95,612911.6,131792.8,36.07
2015-12-09,4.76,33955.32,549270.4,118064.8,34.4
2015-12-10,4.76,33955.32,NA,NA,34.4
2015-12-11,4.42,31529.94,1140108.0,251750.8,37.05
2015-12-14,4.58,32671.29,816865.6,181989.4,35.75
2015-12-15,5.05,36024.03,3118637.0,649690.9,32.43
2015-12-16,4.98,35524.68,2106053.0,435122.8,32.88
2015-12-17,4.78,34097.98,2190880.0,456389.4,34.26
2015-12-18,4.78,34097.98,1611706.0,337047.8,34.26
2015-12-21,3.7,26393.84,4993761.0,1250154.0,44.26
2015-12-22,3.1,22113.76,6418879.0,1918490.0,52.82
2015-12-23,3.22,22969.77,2581655.0,813657.9,50.85
2015-12-24,3.3,23540.45,1913933.0,586345.5,49.62
2015-12-25,3.3,23540.45,1065612.0,326709.0,49.62
2015-12-28,3.4,24253.79,1038528.0,313031.8,48.16
2015-12-29,3.26,23255.11,1331493.0,406086.9,50.23
2015-12-30,3.24,23112.44,967205.8,295436.3,50.54
2015-12-31,3.24,23112.44,NA,NA,50.54
2016-01-01,3.24,23112.44,NA,NA,50.54
2016-01-04,3.06,21828.42,1110167.0,356540.5,53.51
2016-01-05,3.06,21828.42,1659604.0,546710.6,53.51
2016-01-06,3.14,22399.1,2166237.0,705308.9,52.15
2016-01-07,2.84,20259.05,2138403.0,718255.4,57.66
2016-01-08,3.0,21400.41,1764872.0,597098.3,54.58
2016-01-11,3.04,21685.93,1890454.0,636446.1,53.87
2016-01-12,3.1,22113.94,2350699.0,773408.1,52.82
2016-01-13,3.12,22256.61,2343424.0,755166.6,52.48
2016-01-14,3.02,21543.26,2015692.0,662563.2,54.22
2016-01-15,3.04,21685.93,1389491.0,461466.7,53.87
2016-01-18,2.94,20972.57,1536889.0,517585.6,55.7
2016-01-19,3.06,21828.6,1692105.0,560475.1,53.51
2016-01-20,3.0,21400.59,1889986.0,633293.9,54.58
2016-01-21,2.9,20687.23,1417190.0,480723.6,56.47
2016-01-22,3.0,21400.59,1403848.0,472324.9,54.58
2016-01-25,3.1,22113.94,3523605.0,1147824.0,61.29
2016-01-26,3.22,22969.96,3138707.0,989641.8,59.01
2016-01-27,3.08,21971.27,2309391.0,727436.2,61.69
2016-01-28,3.06,21828.6,1574116.0,508040.8,62.09
2016-01-29,3.12,22256.61,1830306.0,588727.3,60.9
2016-02-01,3.0,21400.59,1938592.0,642531.4,63.33
2016-02-02,2.92,20829.9,1075119.0,363531.8,65.07
2016-02-03,2.88,20544.56,1317190.0,457884.4,65.97
2016-02-04,2.94,20972.57,1389519.0,471653.9,64.63
2016-02-05,2.9,20687.23,879967.3,301369.0,65.52
2016-02-08,2.88,20544.56,354017.3,122454.4,65.97
2016-02-09,2.88,20544.56,177329.6,61303.0,65.97
2016-02-10,2.92,20829.9,495420.6,169512.3,65.07
2016-02-11,2.86,20401.89,324248.3,112252.3,66.43
2016-02-12,2.92,20829.9,501702.2,173837.0,65.07
2016-02-15,2.9,20687.23,143196.2,48985.1,65.52
2016-02-16,2.9,20687.23,126076.5,43296.1,65.52
2016-02-17,2.88,20544.56,122167.8,42333.3,65.97
2016-02-18,2.92,20829.9,603104.6,206576.1,65.07
2016-02-19,3.0,21400.59,1269907.0,426885.6,63.33
2016-02-22,3.0,21400.59,NA,NA,63.33
2016-02-23,3.02,21543.26,1680911.0,559720.8,62.91
2016-02-24,3.02,21543.26,956079.2,317559.4,62.91
2016-02-25,2.78,19831.21,1262021.0,459465.9,68.35
2016-02-26,2.78,19831.21,682512.9,245584.3,68.35
2016-02-29,2.74,19545.87,424819.4,152861.6,69.34
2016-03-01,2.78,19831.21,625037.0,226589.8,68.35
2016-03-02,3.18,22684.63,7031466.0,2273740.0,59.75
2016-03-03,3.12,22256.61,3144478.0,1001316.0,60.9
2016-03-04,3.1,22113.94,1525010.0,487177.5,61.29
2016-03-07,3.7,26394.05,8006855.0,2324626.0,51.35
2016-03-08,3.5,24967.35,5303042.0,1469058.0,54.29
2016-03-09,3.56,25395.36,2332489.0,672257.2,53.37
2016-03-10,3.66,26108.71,4974204.0,1355193.0,51.91
2016-03-11,3.7,26394.05,2470718.0,673187.4,51.35
2016-03-14,3.6,25680.71,1813644.0,492582.9,52.78
2016-03-15,3.44,24539.34,1271704.0,363512.4,55.23
2016-03-16,3.6,25680.71,1891481.0,531781.9,52.78
2016-03-17,3.44,24539.34,1831657.0,508105.3,55.23
2016-03-18,3.58,25538.04,1531717.0,433253.5,53.07
2016-03-21,3.68,26251.39,3229026.0,885466.1,51.63
2016-03-22,3.68,26251.39,NA,NA,51.63
2016-03-23,3.56,25395.36,3521988.0,959357.5,53.37
2016-03-24,3.64,25966.05,1474085.0,411097.8,52.2
2016-03-25,3.5,24967.35,1465870.0,417621.8,54.29
2016-03-28,3.26,23255.3,1082316.0,322043.0,58.28
2016-03-29,3.3,23540.65,688770.8,208948.2,57.58
2016-03-30,3.4,24253.99,660538.1,194379.9,55.88
2016-03-31,3.48,24824.68,521396.7,149528.9,54.6
2016-04-01,3.42,24396.67,300863.8,87398.1,55.56
2016-04-04,3.4,24253.99,174651.8,51085.0,55.88
2016-04-05,3.52,25110.02,1637380.0,463424.1,53.98
2016-04-06,3.52,25110.02,NA,NA,53.98
2016-04-07,3.62,25823.38,1555686.0,426382.8,52.49
2016-04-08,3.62,25823.38,1015953.0,279636.8,52.49
2016-04-11,3.74,26679.39,780265.3,210766.8,50.8
2016-04-12,4.0,28534.12,3017409.0,769538.4,47.5
2016-04-13,4.0,28534.12,NA,NA,47.5
2016-04-14,4.0,28534.12,NA,NA,47.5
2016-04-15,4.0,28534.12,NA,NA,47.5
2016-04-18,4.12,29390.14,2941825.0,699018.2,46.12
2016-04-19,4.14,29532.81,1562345.0,375431.9,45.89
2016-04-20,4.38,31244.86,2305735.0,539823.6,43.38
2016-04-21,4.34,30959.52,1841077.0,422121.3,43.78
2016-04-22,4.26,30388.83,2405158.0,554005.8,44.6
2016-04-25,4.28,30531.5,1042185.0,243545.4,44.39
2016-04-26,4.24,30246.16,1226170.0,285549.3,44.81
2016-04-27,4.26,30388.83,603808.3,141587.8,44.6
2016-04-28,4.2,29960.82,499640.1,117876.7,45.24
2016-04-29,4.36,31102.18,4166840.0,951505.3,43.58
2016-05-02,4.36,31102.18,NA,NA,43.58
2016-05-03,4.38,31244.86,2395426.0,539813.6,43.38
2016-05-04,4.36,31102.18,611742.8,140351.9,43.58
2016-05-05,4.36,31102.18,NA,NA,43.58
2016-05-06,4.36,31102.18,NA,NA,43.58
2016-05-09,4.22,30103.49,1559691.0,365077.5,45.02
2016-05-10,4.28,30531.5,1337977.0,312433.8,44.39
2016-05-11,4.28,30531.5,698235.0,162147.0,44.39
2016-05-12,4.32,30816.84,450768.3,104611.0,43.98
2016-05-13,4.48,31958.21,2029530.0,456851.0,42.41
2016-05-16,4.68,33384.92,2550657.0,554475.6,40.6
2016-05-17,4.62,32956.9,1742143.0,374749.4,41.13
2016-05-18,4.74,33812.93,1998665.0,429814.5,40.08
2016-05-19,4.6,32814.24,1592433.0,340121.5,41.3
2016-05-20,4.6,32814.24,NA,NA,41.3
2016-05-23,4.62,32956.9,414885.0,89696.7,41.13
2016-05-24,4.64,33099.58,559405.7,120194.3,40.95
2016-05-25,4.68,33384.92,845022.2,179855.5,40.6
2016-05-26,4.62,32956.9,710106.3,152282.4,41.13
2016-05-27,4.66,33242.24,692066.7,147924.7,40.77
2016-05-30,4.68,33384.92,384765.3,82137.7,40.6
2016-05-31,4.72,33670.26,1428012.0,300936.7,40.25
2016-06-01,4.68,33384.92,665396.3,141566.1,40.6
2016-06-02,4.7,33527.58,634567.0,134607.9,40.43
2016-06-03,4.7,33527.58,529283.1,112535.3,40.43
2016-06-06,4.66,33242.24,774056.3,165364.9,40.77
2016-06-07,4.6,32814.24,673806.1,144879.6,41.3
2016-06-08,4.68,33384.92,588674.3,126351.9,40.6
2016-06-09,4.68,33384.92,451172.9,96615.8,40.6
2016-06-10,4.6,32814.24,501176.6,108241.9,41.3
2016-06-13,4.94,35239.63,2777856.0,574060.9,38.46
2016-06-14,5.2,37094.35,1697233.0,332336.0,36.54
2016-06-15,5.35,38164.38,1493854.0,279495.5,35.51
2016-06-16,5.2,37094.35,814966.1,154718.3,36.54
2016-06-17,5.35,38164.38,669209.3,126076.0,35.51
2016-06-20,5.55,39591.09,1368603.0,249960.6,34.23
2016-06-21,5.7,40661.11,1361736.0,241833.6,9.06
2016-06-22,5.75,41017.79,1368696.0,238616.1,8.99
2016-06-23,5.6,39947.77,908876.7,161909.8,9.23
2016-06-24,5.4,38521.05,1949111.0,360161.7,9.57
2016-06-27,5.5,39234.41,558825.5,101702.4,9.39
2016-06-28,5.65,40304.44,710059.1,126588.4,9.14
2016-06-29,5.65,40304.44,734616.0,129121.4,9.14
2016-06-30,5.65,40304.44,1163355.0,206092.4,9.14
2016-07-01,5.65,40304.44,NA,NA,9.14
2016-07-04,5.55,39591.09,343391.4,61882.6,9.31
2016-07-05,5.5,39234.41,234570.3,42425.3,9.39
2016-07-06,5.5,39234.41,878310.2,161400.1,9.39
2016-07-07,5.45,38877.73,958417.7,177230.5,9.48
2016-07-08,5.3,37807.71,795055.5,148422.6,9.75
2016-07-11,5.3,37819.62,425309.3,79792.4,9.75
2016-07-12,5.25,37462.83,459464.6,87247.1,9.84
2016-07-13,5.45,38889.98,3247872.0,607627.6,9.48
2016-07-14,5.65,40317.14,6264074.0,1111126.0,9.14
2016-07-15,5.5,39246.77,1748102.0,312302.1,9.39
2016-07-18,5.5,39246.77,NA,NA,9.39
2016-07-19,5.5,39246.77,NA,NA,9.39
2016-07-20,5.5,39246.77,849712.1,153458.6,9.39
2016-07-21,5.5,39246.77,840083.9,151455.8,9.39
2016-07-22,5.5,39246.77,345314.8,62702.8,9.39
2016-07-25,5.55,39603.56,952114.3,170731.2,9.31
2016-07-26,5.5,39246.77,409285.3,73671.8,9.39
2016-07-27,5.5,39246.77,1054690.0,189615.9,9.39
2016-07-28,5.65,40317.14,1955209.0,346643.8,9.14
2016-07-29,5.7,40673.93,1805845.0,316240.5,9.06
2016-08-01,5.55,39603.56,948098.5,168105.5,9.31
2016-08-02,5.45,38889.98,478651.3,87110.8,9.48
2016-08-03,5.55,39603.56,476900.9,86415.4,9.31
2016-08-04,5.7,40673.93,768434.4,135744.4,9.06
2016-08-05,5.65,40317.14,551067.0,97258.9,9.14
2016-08-08,5.6,39960.35,948787.9,168197.5,9.23
2016-08-09,5.95,42457.87,1966718.0,337539.4,8.68
2016-08-10,6.0,42814.66,4181133.0,701022.1,8.61
2016-08-11,5.95,42457.87,706670.1,118544.6,8.68
2016-08-12,5.95,42457.87,NA,NA,8.68
2016-08-15,6.1,43528.23,2248481.0,370004.0,8.47
2016-08-16,5.95,42457.87,1178996.0,195783.9,8.68
2016-08-17,5.8,41387.5,584664.0,99590.0,8.91
2016-08-18,5.85,41744.3,511645.4,87147.8,8.83
2016-08-19,5.8,41387.5,415876.1,71104.3,8.91
2016-08-22,5.7,40673.93,449078.4,78038.1,9.06
2016-08-23,5.7,40673.93,261110.8,46276.4,9.06
2016-08-24,5.7,40673.93,341617.0,59563.7,9.06
2016-08-25,5.7,40673.93,455568.4,79077.1,9.06
2016-08-26,5.7,40673.93,104911.6,18377.2,9.06
2016-08-29,5.6,39960.35,98983.8,17498.0,9.23
2016-08-30,5.65,40317.14,182144.3,32329.5,9.14
2016-08-31,5.6,39960.35,407138.0,72788.4,9.23
2016-09-01,5.45,38889.98,537697.9,97679.0,9.48
2016-09-02,5.5,39246.77,349608.0,63682.5,9.39
2016-09-05,5.4,38533.19,856187.3,157872.3,9.57
2016-09-06,5.65,40317.14,357329.3,64725.8,9.14
2016-09-07,5.75,41030.71,1266958.0,216586.6,8.99
2016-09-08,5.5,39246.77,930468.4,166222.6,9.39
2016-09-09,5.5,39246.77,660502.4,119241.0,9.39
2016-09-12,5.8,41387.5,1289283.0,227218.4,8.91
2016-09-13,5.95,42457.87,1210503.0,203317.9,8.68
2016-09-14,6.45,46025.73,4797669.0,764250.5,8.01
2016-09-15,6.35,45312.16,2208895.0,342629.8,8.14
2016-09-16,6.65,47452.89,3112544.0,471239.3,7.77
2016-09-19,7.2,51377.56,16358700.0,2266608.0,7.18
2016-09-20,7.25,51734.36,3239296.0,446798.4,7.13
2016-09-21,7.4,52804.73,2858428.0,381402.7,6.98
2016-09-22,7.4,52804.73,1136690.0,152239.8,6.98
2016-09-23,7.3,52091.16,873949.2,118429.9,7.08
2016-09-26,7.35,52447.93,582182.1,79398.4,7.03
2016-09-27,7.35,52447.93,454719.1,61469.8,7.03
2016-09-28,7.25,51734.36,273055.1,37458.0,7.13
2016-09-29,7.25,51734.36,351357.5,48130.2,7.13
2016-09-30,7.2,51377.56,210578.2,29143.9,7.18
2016-10-03,7.2,51377.56,56842.6,7869.4,7.18
2016-10-04,7.2,51377.56,388290.0,53579.3,7.18
2016-10-05,7.2,51377.56,222949.8,30912.1,7.18
2016-10-06,7.2,51377.56,234711.1,32579.3,7.18
2016-10-07,7.2,51377.56,113014.8,15687.4,7.18
2016-10-10,7.2,51377.56,410147.0,56994.5,7.18
2016-10-11,7.2,51377.56,368284.4,51147.6,7.18
2016-10-12,7.15,51029.2,904527.3,126499.1,7.23
2016-10-13,7.2,51386.04,378054.1,52519.6,7.18
2016-10-14,7.25,51742.88,182672.8,25218.8,7.13
2016-10-17,7.25,51742.88,136819.8,18926.0,7.13
2016-10-18,7.25,51742.88,491891.7,68197.7,7.13
2016-10-19,7.2,51386.04,94881.9,13136.1,7.18
2016-10-20,7.2,51386.04,65270.7,9049.7,7.18
2016-10-21,7.25,51742.88,212403.5,29309.0,7.13
2016-10-24,7.25,51742.88,NA,NA,7.13
2016-10-25,7.2,51386.04,77979.1,10767.4,7.18
2016-10-26,7.25,51742.88,89303.7,12324.9,7.13
2016-10-27,7.95,56738.77,2517479.0,328590.9,6.5
2016-10-28,8.1,57809.3,4138449.0,493739.1,6.38
2016-10-31,8.35,59593.56,1414835.0,169422.8,6.19
2016-11-01,8.35,59593.56,774303.0,92002.1,6.19
2016-11-02,8.4,59950.41,1348882.0,159075.3,6.15
2016-11-03,8.5,60664.09,895933.3,104888.1,6.08
2016-11-04,8.95,63875.73,1829887.0,208998.9,5.77
2016-11-07,9.75,69585.25,4100851.0,433186.0,5.3
2016-11-08,9.65,68871.56,3477710.0,356972.3,5.35
2016-11-09,9.6,68514.69,1708365.0,177367.6,5.38
2016-11-10,9.25,66016.81,3936416.0,406413.3,6.49
2016-11-11,8.25,58879.88,6080603.0,724700.9,7.27
2016-11-14,8.25,58879.88,927287.4,113541.6,7.27
2016-11-15,8.3,59236.72,1443371.0,171353.0,7.23
2016-11-16,8.05,57452.46,539801.9,65382.9,7.45
2016-11-17,7.4,52813.45,1145567.0,148595.1,8.11
2016-11-18,7.8,55668.24,1105996.0,145007.8,7.69
2016-11-21,7.6,54240.83,734683.2,95317.6,7.89
2016-11-22,8.0,57095.62,1081776.0,137746.2,7.5
2016-11-23,7.85,56025.09,1940490.0,247460.0,7.64
2016-11-24,7.75,55311.36,439833.2,56112.4,7.74
2016-11-25,7.65,54597.67,328682.2,42500.6,7.84
2016-11-28,7.55,53883.98,142905.3,18694.1,7.95
2016-11-29,7.55,53883.98,381643.1,50398.4,7.95
2016-11-30,7.6,54240.83,416893.1,55070.7,7.89
2016-12-01,7.6,54240.83,296326.7,38872.2,7.89
2016-12-02,7.55,53883.98,614287.6,79986.7,7.95
2016-12-05,7.55,53883.98,NA,NA,7.95
2016-12-06,7.65,54597.67,264191.6,34832.8,7.84
2016-12-07,7.95,56738.77,1150995.0,146944.7,7.55
2016-12-08,8.15,58166.15,2088513.0,256265.1,7.36
2016-12-09,8.3,59236.72,889896.8,107068.0,7.23
2016-12-12,8.3,59236.72,NA,NA,7.23
2016-12-13,8.4,59950.41,1027464.0,122277.3,7.14
2016-12-14,8.4,59950.41,798506.0,94612.8,7.14
2016-12-15,8.55,61020.94,1241450.0,145275.8,7.02
2016-12-16,8.6,61377.78,1355378.0,157312.5,6.98
2016-12-19,8.3,59236.72,863430.6,101324.5,7.23
2016-12-20,7.75,55311.36,660542.4,82805.8,7.74
2016-12-21,7.9,56381.93,476206.1,60183.6,7.59
2016-12-22,7.75,55311.36,152736.4,19516.8,7.74
2016-12-23,7.85,56025.09,195826.6,24945.6,7.64
2016-12-26,7.75,55311.36,142821.9,18277.0,7.74
2016-12-27,7.75,55311.36,104483.4,13495.5,7.74
2016-12-28,7.85,56025.09,98029.4,12543.8,7.64
2016-12-29,8.05,57452.46,360526.2,44871.0,7.45
2016-12-30,7.9,46901.9,177963.7,22381.7,7.59
2016-12-30,7.9,46901.9,177963.7,22381.7,7.59
2016-12-30,7.9,46901.9,177963.7,22381.7,7.59
2016-12-30,7.9,46901.9,177963.7,22381.7,7.59
2016-12-30,7.9,46901.9,177963.7,22381.7,7.59
2016-12-30,7.9,46901.9,177963.7,22381.7,7.59
2016-12-30,7.9,46901.9,177963.7,22381.7,7.59
2016-12-30,7.9,46901.9,177963.7,22381.7,7.59
2016-12-30,7.9,46901.9,177963.7,22381.7,7.59
2016-12-30,7.9,46901.9,177963.7,22381.7,7.59
2016-12-30,7.9,46901.9,177963.7,22381.7,7.59
2016-12-30,7.9,46901.9,177963.7,22381.7,7.59
2016-12-30,7.9,46901.9,177963.7,22381.7,7.59
2016-12-30,7.9,46901.9,177963.7,22381.7,7.59
2016-12-30,7.9,46901.9,177963.7,22381.7,7.59
2016-12-30,7.9,46901.9,177963.7,22381.7,7.59
2016-12-30,7.9,46901.9,177963.7,22381.7,7.59
2016-12-30,7.9,46901.9,177963.7,22381.7,7.59
2016-12-30,7.9,46901.9,177963.7,22381.7,7.59
2016-12-30,7.9,46901.9,177963.7,22381.7,7.59
2016-12-30,7.9,46901.9,177963.7,22381.7,7.59
2016-12-30,7.9,46901.9,177963.7,22381.7,7.59
2016-12-30,7.9,46901.9,177963.7,22381.7,7.59
2016-12-30,7.9,46901.9,177963.7,22381.7,7.59
2016-12-30,7.9,46901.9,177963.7,22381.7,7.59
2016-12-30,7.9,46901.9,177963.7,22381.7,7.59
2016-12-30,7.9,46901.9,177963.7,22381.7,7.59
2016-12-30,7.9,46901.9,177963.7,22381.7,7.59
2016-12-30,7.9,46901.9,177963.7,22381.7,7.59
2016-12-30,7.9,46901.9,177963.7,22381.7,7.59
2016-12-30,7.9,46901.9,177963.7,22381.7,7.59
2016-12-30,7.9,46901.9,177963.7,22381.7,7.59
2017-01-02,7.9,46901.9,NA,NA,7.59
2017-01-03,7.9,46901.9,NA,NA,7.59
2017-01-04,7.85,46605.06,536674.1,67412.6,7.64
2017-01-05,7.9,46901.9,231413.1,29112.3,7.59
2017-01-06,7.85,46605.06,212105.8,26936.3,7.64
2017-01-09,7.95,47198.78,216835.5,27287.2,7.55
2017-01-10,7.95,47198.78,98319.9,12340.6,7.55
2017-01-11,8.2,48683.01,861897.8,104891.5,7.32
2017-01-12,8.2,51338.4,384871.4,46819.0,7.32
2017-01-13,8.8,55094.88,1919450.0,223402.5,6.82
2017-01-16,8.95,56034.02,1979011.0,221026.9,6.7
2017-01-17,8.55,53529.68,1522017.0,175221.8,7.02
2017-01-18,8.8,55094.88,1739832.0,197639.0,6.82
2017-01-19,8.65,54155.75,565943.8,64945.9,6.94
2017-01-20,8.85,55407.94,897196.5,102006.3,6.78
2017-01-23,9.1,56973.11,1531708.0,169905.4,6.59
2017-01-24,9.15,57286.16,1066856.0,117353.5,6.56
2017-01-25,8.8,55094.88,1099162.0,122582.9,6.82
2017-01-26,8.7,54468.81,802952.8,91157.8,6.9
2017-01-27,8.85,55407.94,927048.3,105595.8,6.78
2017-01-30,8.7,54468.81,665778.1,75366.5,6.9
2017-01-31,8.8,55094.88,818123.8,92925.9,6.82
2017-02-01,9.1,56973.11,1863929.0,208115.9,6.59
2017-02-02,8.95,56034.02,1920771.0,210341.1,6.7
2017-02-03,8.95,56034.02,997908.6,111437.8,6.7
2017-02-06,9.1,56973.11,612610.3,67659.9,6.59
2017-02-07,9.05,56660.09,776882.5,85501.5,6.63
2017-02-08,9.05,56660.09,658419.3,72492.4,6.63
2017-02-09,9.0,56347.03,616989.3,68117.7,6.67
2017-02-10,9.1,56973.11,858733.7,94302.4,6.59
2017-02-13,9.1,56973.11,NA,NA,6.59
2017-02-14,9.1,56973.11,463570.8,50829.6,6.59
2017-02-15,9.3,58225.29,1324033.0,142841.4,6.45
2017-02-16,9.45,59164.38,898483.4,95667.5,6.35
2017-02-17,9.5,59477.44,747033.4,78368.2,6.32
2017-02-20,9.35,58538.31,2390523.0,254585.4,5.88
2017-02-21,8.7,54468.81,2416886.0,266557.6,6.32
2017-02-22,9.0,56347.03,1173618.0,132905.4,6.11
2017-02-23,8.85,55407.94,500766.8,56432.5,6.21
2017-02-24,8.8,55094.88,530113.9,60023.7,6.25
2017-02-27,8.8,55094.88,255603.3,29031.0,6.25
2017-02-28,8.8,55094.88,381820.6,43156.5,6.25
2017-03-01,8.9,55720.96,263296.3,29756.7,6.18
2017-03-02,8.95,56034.02,471352.5,52608.0,6.15
2017-03-03,8.85,55407.94,255823.9,28804.9,6.21
2017-03-06,8.85,55407.94,156605.0,17666.3,6.21
2017-03-07,8.8,55094.88,138834.4,15705.0,6.25
2017-03-08,8.7,54468.81,490633.3,56185.3,6.32
2017-03-09,8.6,53842.74,195900.1,22608.4,6.4
2017-03-10,8.4,52590.55,304206.3,35625.4,6.55
2017-03-13,8.05,50399.31,371596.4,45111.3,6.83
2017-03-14,8.55,53529.68,394688.2,47357.3,6.43
2017-03-15,8.4,52590.55,241074.5,28703.8,6.55
2017-03-16,8.6,53842.74,319358.8,37379.7,6.4
2017-03-17,8.55,53529.68,1061443.0,123358.9,6.43
2017-03-20,8.45,52903.61,376585.6,44152.9,6.51
2017-03-21,8.5,53216.66,156650.9,18417.5,6.47
2017-03-22,8.6,53842.74,154894.9,18110.4,6.4
2017-03-23,8.65,54155.75,324225.8,37426.2,6.36
2017-03-24,8.45,52903.61,136778.5,16176.7,6.51
2017-03-27,8.45,52903.61,74227.9,8750.5,6.51
2017-03-28,8.45,52903.61,115779.1,13650.6,6.51
2017-03-29,8.5,53216.66,136416.4,16008.9,6.47
2017-03-30,8.5,53216.66,155698.2,18306.8,6.47
2017-03-31,8.45,52903.61,110859.4,13057.4,6.51
2017-04-03,8.5,53216.66,85492.6,10073.5,6.47
2017-04-04,8.85,55407.94,724389.4,83296.2,6.21
2017-04-05,8.8,55094.88,1185856.0,133731.8,6.25
2017-04-06,8.8,55094.88,NA,NA,6.25
2017-04-07,8.8,55094.88,178902.4,20274.5,6.25
2017-04-10,8.8,55094.88,212976.3,24053.9,6.25
2017-04-11,8.9,55720.96,772183.6,86064.5,6.18
2017-04-12,8.95,56034.02,170357.5,19079.5,6.15
2017-04-13,8.95,56034.02,NA,NA,6.15
2017-04-14,8.95,56034.02,NA,NA,6.15
2017-04-17,8.85,56441.98,238830.9,26963.8,6.21
2017-04-18,8.7,55485.32,215016.6,24526.7,6.32
2017-04-19,8.65,55166.44,250040.5,28672.4,6.36
2017-04-20,8.65,55166.44,126788.6,14592.0,6.36
2017-04-21,8.65,55166.44,198172.9,22914.5,6.36
2017-04-24,8.8,56123.1,578099.2,65883.3,6.25
2017-04-25,8.65,55166.44,509437.0,58277.3,6.36
2017-04-26,8.8,56123.1,302180.2,34645.2,6.25
2017-04-27,8.6,54847.57,1530829.0,174231.0,6.4
2017-04-28,8.6,54847.57,1963531.0,225511.8,6.4
2017-05-01,8.6,54847.57,NA,NA,6.4
2017-05-02,8.5,54209.78,361327.6,42228.7,6.47
2017-05-03,8.45,53890.91,272745.3,32043.0,6.51
2017-05-04,8.5,54209.78,327585.4,38473.5,6.47
2017-05-05,8.5,54209.78,203498.8,23862.7,6.47
2017-05-08,8.5,54209.78,300404.1,35127.4,6.47
2017-05-09,8.35,53253.16,514095.4,60781.5,6.59
2017-05-10,8.35,53253.16,NA,NA,6.59
2017-05-11,8.15,51977.63,309279.6,37386.7,6.75
2017-05-12,8.15,51977.63,163141.9,19970.6,6.75
2017-05-15,8.1,51658.75,156452.5,19273.0,6.79
2017-05-16,8.2,52296.5,206899.8,25352.4,6.71
2017-05-17,8.2,52296.5,251018.7,30510.0,6.71
2017-05-18,8.15,51977.63,116099.0,14250.8,6.75
2017-05-19,8.2,52296.5,226644.1,27599.0,6.71
2017-05-22,8.2,52296.5,76321.8,9274.3,6.71
2017-05-23,8.3,52934.29,107186.8,13024.6,6.63
2017-05-24,8.25,52615.37,113903.0,13816.6,6.67
2017-05-25,8.2,52296.5,111201.9,13544.5,6.71
2017-05-26,8.25,52615.37,323866.9,39086.0,6.67
2017-05-29,8.25,52615.37,70256.2,8514.1,6.67
2017-05-30,8.25,52615.37,200135.9,24282.2,6.67
2017-05-31,8.25,52615.37,128815.4,15697.4,6.67
2017-06-01,8.45,53890.91,447310.6,53614.2,6.51
2017-06-02,8.6,54847.57,713631.3,83495.7,6.4
2017-06-05,8.55,54528.7,292364.9,34052.7,6.43
2017-06-06,8.5,54209.78,137886.1,16211.9,6.47
2017-06-07,8.45,53890.91,95901.9,11285.0,6.51
2017-06-08,8.55,54528.7,210033.3,24620.2,6.43
2017-06-09,8.5,54209.78,109235.2,12844.0,6.47
2017-06-12,8.35,53253.16,137681.4,16371.5,6.59
2017-06-13,8.45,53890.91,87808.3,10450.0,6.51
2017-06-14,8.45,53890.91,75685.6,8996.4,6.51
2017-06-15,8.35,53253.16,49428.8,5893.0,6.59
2017-06-16,8.45,53890.91,329569.0,38936.6,6.51
2017-06-19,8.3,52934.29,243076.8,29130.2,6.63
2017-06-20,8.3,52934.29,39564.6,4770.6,6.63
2017-06-21,8.25,52615.37,41275.8,4981.6,6.67
2017-06-22,8.25,52615.37,34759.3,4211.2,6.67
2017-06-23,8.2,52296.5,70170.5,8537.7,6.71
2017-06-26,8.2,52296.5,48390.6,5891.3,6.71
2017-06-27,8.2,52296.5,115343.9,14057.2,6.71
2017-06-28,8.15,51977.63,43154.4,5271.7,6.75
2017-06-29,8.15,51977.63,66554.3,8148.0,6.75
2017-06-30,8.15,51977.63,53334.5,6546.6,6.75
2017-07-03,8.1,51658.75,30508.0,3750.3,6.79
2017-07-04,8.15,51977.63,119032.7,14526.4,6.75
2017-07-05,8.1,51658.75,68068.0,8369.8,6.79
2017-07-06,8.0,51021.0,142794.3,17754.6,6.87
2017-07-07,8.0,51021.0,83841.3,10476.8,6.87
2017-07-10,8.0,51021.0,NA,NA,6.87
2017-07-11,7.9,50383.21,110453.3,13880.4,6.96
2017-07-12,7.85,50984.59,279959.8,35953.8,7.01
2017-07-13,7.8,50659.86,120588.3,15346.2,7.05
2017-07-14,7.8,50659.86,105815.3,13537.6,7.05
2017-07-17,7.6,49360.89,315749.0,41014.5,7.24
2017-07-18,7.5,48711.39,154519.0,20417.2,7.33
2017-07-19,7.5,48711.39,222288.2,29734.8,7.33
2017-07-20,7.55,49036.12,220064.4,28918.6,7.28
2017-07-21,7.6,49360.89,81616.9,10711.5,7.24
2017-07-24,7.6,49360.89,37890.2,4966.4,7.24
2017-07-25,7.6,49360.89,91300.1,12026.7,7.24
2017-07-26,7.65,49685.63,113188.6,14861.8,7.19
2017-07-27,7.6,49360.89,52838.2,6961.8,7.24
2017-07-28,7.6,49360.89,NA,NA,7.24
2017-07-31,7.5,48711.39,45775.3,6066.4,7.33
2017-08-01,7.65,49685.63,56514.0,7444.8,7.19
2017-08-02,8.15,52933.05,624680.4,78837.6,6.75
2017-08-03,8.2,53257.79,681659.6,83214.8,6.71
2017-08-04,8.2,53257.79,250078.1,30413.3,6.71
2017-08-07,8.1,52608.32,160234.8,19716.7,6.79
2017-08-08,7.85,50984.59,272019.3,34253.2,7.01
2017-08-09,7.95,51634.09,296855.5,37122.4,6.6
2017-08-10,7.9,51309.32,115950.8,14589.6,6.65
2017-08-11,7.85,50984.59,68185.8,8677.5,6.69
2017-08-14,7.85,50984.59,NA,NA,6.69
2017-08-15,8.05,52283.55,158614.1,19848.3,6.52
2017-08-16,8.1,52608.32,191620.4,23664.7,6.48
2017-08-17,8.1,52608.32,139730.8,17199.5,6.48
2017-08-18,8.05,52283.55,48611.9,6038.9,6.52
2017-08-21,8.0,51958.82,160952.3,20066.9,6.56
2017-08-22,7.85,50984.59,118230.6,15111.1,6.69
2017-08-23,7.7,50010.36,99282.7,12802.9,6.82
2017-08-24,7.7,50010.36,139332.3,18023.4,6.82
2017-08-25,7.65,49685.63,148816.8,19377.7,6.86
2017-08-28,7.7,50010.36,116970.7,15194.2,6.82
2017-08-29,7.85,50984.59,300064.7,38261.7,6.69
2017-08-30,7.75,50335.13,153514.8,19633.1,6.77
2017-08-31,7.8,50659.86,120282.1,15404.4,6.73
2017-09-01,8.05,52283.55,629873.9,78580.8,6.52
2017-09-04,8.05,52283.55,216320.8,26830.9,6.52
2017-09-05,8.3,53907.29,696946.1,84965.6,6.33
2017-09-06,8.4,54556.75,721011.0,86558.8,6.25
2017-09-07,8.45,54881.52,725983.1,85885.2,6.21
2017-09-08,8.25,53582.52,521666.1,62542.7,6.36
2017-09-11,8.3,53907.29,258163.8,31196.6,6.33
2017-09-12,8.4,54556.75,496467.3,59056.6,6.25
2017-09-13,8.35,54232.02,204918.9,24389.6,6.29
2017-09-14,8.4,54556.75,128216.0,15332.3,6.25
2017-09-15,8.4,54556.75,138616.6,16545.7,6.25
2017-09-18,8.4,54556.75,313567.8,37377.5,6.25
2017-09-19,8.4,54556.75,582921.1,68906.0,6.25
2017-09-20,8.4,54556.75,141752.6,16864.3,6.25
2017-09-21,8.3,53907.29,328472.9,39442.4,6.33
2017-09-22,8.25,53582.52,154922.7,18771.7,6.36
2017-09-25,8.25,53582.52,62201.4,7539.5,6.36
2017-09-26,8.25,53582.52,193675.9,23318.2,6.36
2017-09-27,8.25,53582.52,90956.1,10987.5,6.36
2017-09-28,8.2,53257.79,137326.6,16727.0,6.4
2017-09-29,8.2,53257.79,174865.1,21217.8,6.4
2017-10-02,8.2,53257.79,76270.6,9265.3,6.4
2017-10-03,8.2,53257.79,56505.5,6893.5,6.4
2017-10-04,8.35,54232.02,467370.6,56011.0,6.29
2017-10-05,8.4,54556.75,246714.3,29488.8,6.25
2017-10-06,8.4,54556.75,239781.9,28488.6,6.25
2017-10-09,8.3,53907.29,78150.7,9365.0,6.33
2017-10-10,8.25,53582.52,96946.4,11720.1,6.36
2017-10-11,8.2,54699.09,225218.7,27356.9,6.4
2017-10-12,8.3,55366.16,195273.2,23579.4,6.33
2017-10-13,8.3,55366.16,NA,NA,6.33
2017-10-16,7.8,52030.87,1132643.0,143350.1,6.73
2017-10-17,7.75,51697.34,331508.6,42634.1,6.77
2017-10-18,7.5,50029.65,374138.2,49184.6,7.0
2017-10-19,7.5,50029.65,295243.0,39069.6,7.0
2017-10-20,7.3,48695.54,296237.6,40162.9,7.19
2017-10-23,7.3,48695.54,NA,NA,7.19
2017-10-24,7.45,49696.15,132203.6,17719.9,7.05
2017-10-25,7.35,49029.08,223685.8,30247.2,7.14
2017-10-26,7.35,49029.08,NA,NA,7.14
2017-10-27,7.45,49696.15,135745.1,18265.9,7.05
2017-10-30,7.45,49696.15,43639.9,5871.8,7.05
2017-10-31,7.6,50696.72,234872.7,30894.1,6.91
2017-11-01,7.45,49696.15,178413.1,23606.0,7.05
2017-11-02,7.35,49029.08,136108.6,18390.9,7.14
2017-11-03,7.4,49362.61,117362.6,15896.7,7.09
2017-11-06,7.4,49362.61,51020.9,6900.7,7.09
2017-11-07,7.35,49029.08,81830.1,11097.6,7.14
2017-11-08,7.4,49362.61,141933.6,19204.7,7.09
2017-11-09,7.3,48695.54,74631.2,10211.4,7.19
2017-11-10,7.4,49362.61,189565.8,25652.6,6.42
2017-11-13,7.05,47027.89,309461.6,43288.4,6.74
2017-11-14,7.05,47027.89,492680.9,71828.3,6.74
2017-11-15,6.9,46027.28,64946.7,9340.6,6.88
2017-11-16,7.05,47027.89,749489.7,103364.0,6.74
2017-11-17,7.1,47361.43,60680.7,8545.8,6.69
2017-11-20,7.1,47361.43,67774.0,9528.5,6.69
2017-11-21,7.0,46694.36,111263.6,15820.2,6.79
2017-11-22,6.95,46360.82,148606.6,21243.3,6.83
2017-11-23,6.75,45026.71,113216.2,16631.7,7.04
2017-11-24,6.75,45026.71,67451.0,9963.4,7.04
2017-11-27,6.65,44359.64,61829.9,9212.9,7.14
2017-11-28,6.9,46027.28,130872.9,19301.6,6.88
2017-11-29,6.9,46027.28,148677.9,21344.4,6.88
2017-11-30,7.1,47361.43,132143.5,18900.1,6.69
2017-12-01,7.05,47027.89,72399.7,10235.4,6.74
2017-12-04,7.05,47027.89,70110.1,9879.2,6.74
2017-12-05,7.05,47027.89,NA,NA,6.74
2017-12-06,7.05,47027.89,43539.1,6172.0,6.74
2017-12-07,7.05,47027.89,101906.6,14419.7,6.74
2017-12-08,7.0,46694.36,48813.7,6947.4,6.79
2017-12-11,7.0,46694.36,NA,NA,6.79
2017-12-12,6.9,46027.28,71065.1,10272.8,6.88
2017-12-13,7.0,46694.36,36789.9,5257.6,6.79
2017-12-14,6.95,46360.82,20148.4,2889.1,6.83
2017-12-15,6.95,46360.82,16665.4,2398.9,6.83
2017-12-18,6.9,46027.28,39744.8,5745.3,6.88
2017-12-19,7.0,46694.36,121972.3,17358.8,6.79
2017-12-20,7.25,48362.0,493650.1,68124.8,6.55
2017-12-21,7.3,48695.54,102050.4,14058.6,6.51
2017-12-22,7.4,49362.61,173178.8,23590.2,6.42
2017-12-25,7.1,47361.43,310449.9,43418.5,6.69
2017-12-26,7.05,47027.89,49309.4,6942.9,6.74
2017-12-27,7.1,47361.43,76713.4,10730.8,6.69
2017-12-28,7.05,47027.89,56658.2,8017.7,6.74
2017-12-29,7.1,47361.43,18337.3,2589.8,6.69
2018-01-01,7.1,47361.43,NA,NA,6.69
2018-01-02,7.1,47361.43,NA,NA,6.69
2018-01-03,7.3,48695.54,440236.9,60408.4,6.51
2018-01-04,7.3,48695.54,140992.8,19224.9,6.51
2018-01-05,7.4,49362.61,188347.9,25432.3,6.42
2018-01-08,7.85,52364.41,1558167.0,199484.6,6.05
2018-01-09,8.2,54699.09,1230305.0,152294.1,5.79
2018-01-10,8.1,54032.05,808755.9,99674.9,5.86
2018-01-11,8.2,54699.09,423741.4,52198.5,5.79
2018-01-12,8.3,61573.04,929203.4,111869.3,5.72
2018-01-15,8.35,61943.97,778118.6,92651.7,5.69
2018-01-16,8.25,61202.14,711255.8,85217.6,5.76
2018-01-17,8.05,59718.45,376652.4,46611.0,5.9
2018-01-18,8.05,59718.45,125778.8,15493.7,5.9
2018-01-19,8.05,59718.45,101854.3,12659.4,5.9
2018-01-22,7.7,57122.0,643173.9,82430.9,6.17
2018-01-23,7.8,57863.82,383312.8,48883.9,6.09
2018-01-24,7.85,58234.75,255702.5,32351.0,6.05
2018-01-25,7.75,57492.89,264103.6,33672.7,6.13
2018-01-26,7.8,57863.82,631010.4,80245.6,6.09
2018-01-29,7.9,58605.65,215610.8,27243.6,6.01
2018-01-30,7.8,57863.82,164426.9,20940.9,6.09
2018-01-31,7.75,57492.89,123334.4,15834.7,6.13
2018-02-01,7.7,57122.0,136556.1,17675.0,6.17
2018-02-02,7.45,55267.37,285627.6,37680.6,6.38
2018-02-05,7.3,54154.61,327313.8,45141.8,6.51
2018-02-06,7.1,52670.91,575428.1,80873.3,6.69
2018-02-07,7.1,52670.91,227110.4,31606.9,6.69
2018-02-08,7.15,53041.85,154668.1,21629.3,6.64
2018-02-09,7.1,52670.91,132836.8,18659.8,6.69
2018-02-12,7.1,52670.91,139920.7,19495.0,6.69
2018-02-13,7.0,51929.09,226654.4,32051.9,6.79
2018-02-14,7.05,52299.98,128230.4,18125.6,6.74
2018-02-15,7.05,52299.98,84914.7,12018.8,6.74
2018-02-16,7.05,52299.98,92970.0,13172.8,6.74
2018-02-19,7.0,51929.09,87731.3,12473.8,6.79
2018-02-20,7.0,51929.09,127590.8,18171.0,6.79
2018-02-21,6.8,50445.39,229987.5,33271.6,6.99
2018-02-22,6.75,50074.46,203454.9,29929.4,7.04
2018-02-23,6.9,51187.22,157202.3,22852.3,7.97
2018-02-26,6.95,51558.15,169094.3,24175.6,7.91
2018-02-27,6.9,51187.22,220290.5,31682.7,7.97
2018-02-28,6.9,51187.22,107769.3,15558.6,7.97
2018-03-01,6.9,51187.22,NA,NA,7.97
2018-03-02,6.9,51187.22,144425.6,20767.0,7.97
2018-03-05,6.95,51558.15,268448.9,38280.6,7.91
2018-03-06,7.0,51929.09,178874.7,25481.9,7.86
2018-03-07,6.9,51187.22,127137.1,18287.5,7.97
2018-03-08,6.85,50816.32,123512.3,17908.1,8.03
2018-03-09,6.85,50816.32,138353.2,20100.5,8.03
2018-03-12,6.95,51558.15,151028.6,22069.7,7.91
2018-03-13,6.8,50445.39,194385.0,28462.4,8.09
2018-03-14,6.85,50816.32,182993.1,26670.0,8.03
2018-03-15,6.85,50816.32,158945.8,23097.6,8.03
2018-03-16,6.9,51187.22,457490.8,66053.0,7.97
2018-03-19,7.0,51929.09,547197.4,77923.3,7.86
2018-03-20,7.0,51929.09,313906.4,44620.4,7.86
2018-03-21,6.95,51558.15,215725.0,30907.4,7.91
2018-03-22,6.75,50074.46,437349.1,63860.9,8.15
2018-03-23,6.5,48219.87,290748.5,43969.5,8.46
2018-03-26,6.45,47848.94,240824.4,37079.3,8.53
2018-03-27,6.45,47848.94,145478.6,22433.6,8.53
2018-03-28,6.3,46736.18,175306.1,27404.0,8.73
2018-03-29,6.15,45623.38,228264.5,36714.7,8.94
2018-03-30,6.15,45623.38,148034.4,24090.0,8.94
2018-04-02,6.25,46365.24,126885.1,20123.8,8.8
2018-04-03,6.2,45994.31,272450.8,43348.3,8.87
2018-04-04,5.95,44139.72,232532.6,37985.2,9.24
2018-04-05,6.0,44510.62,136732.3,22686.8,9.17
2018-04-06,6.0,44510.62,NA,NA,9.17
2018-04-09,5.95,44139.72,146111.6,24365.0,9.24
2018-04-10,5.75,42656.04,223815.3,38311.9,9.57
2018-04-11,5.8,43026.96,172177.1,29547.5,9.48
2018-04-12,5.9,43768.79,108933.3,18452.1,9.32
2018-04-13,5.9,43768.79,NA,NA,9.32
2018-04-16,5.9,43768.79,NA,NA,9.32
2018-04-17,5.8,44644.47,90001.9,15434.6,9.48
2018-04-18,5.9,45414.19,158636.5,27010.1,9.32
2018-04-19,6.2,47723.39,414260.9,67505.4,8.87
2018-04-20,6.05,46568.82,227003.3,37255.7,9.09
2018-04-23,5.9,45414.19,132933.0,22268.3,9.32
2018-04-24,5.9,45414.19,112205.2,18922.0,9.32
2018-04-25,5.85,45029.33,99165.8,16898.7,9.4
2018-04-26,5.75,44259.61,117433.9,20253.2,9.57
2018-04-27,5.8,44644.47,140589.6,24047.0,9.48
2018-04-30,5.85,45029.33,100615.1,17143.4,9.4
2018-05-01,5.85,45029.33,NA,NA,9.4
2018-05-02,5.95,45799.09,203600.1,33973.0,9.24
2018-05-03,5.9,45414.19,110860.4,18686.4,9.32
2018-05-04,6.25,48108.3,706801.7,113789.1,8.8
2018-05-07,6.2,47723.39,210512.6,33681.2,8.87
2018-05-08,5.95,45799.09,149063.4,24648.7,9.24
2018-05-09,5.85,45029.33,310338.3,52405.8,9.4
2018-05-10,5.8,44644.47,332367.2,57195.3,9.48
2018-05-11,6.25,48108.3,680206.3,109538.6,8.8
2018-05-14,6.2,47723.39,172643.6,27669.6,8.87
2018-05-15,6.3,48493.16,390242.7,61582.0,8.73
2018-05-16,6.15,47338.54,202813.0,32625.0,8.94
2018-05-17,5.9,45414.19,213797.2,35626.7,9.32
2018-05-18,6.0,46183.95,139489.6,23255.4,9.17
2018-05-21,5.95,45799.09,83799.4,14034.7,9.24
2018-05-22,5.9,45414.19,116648.1,19663.6,9.32
2018-05-23,5.9,45414.19,140915.8,23790.2,9.32
2018-05-24,5.75,44259.61,242805.2,41949.4,9.57
2018-05-25,5.85,45029.33,626627.1,105551.1,9.4
2018-05-28,5.8,44644.47,160268.1,27498.2,9.48
2018-05-29,5.8,44644.47,NA,NA,9.48
2018-05-30,5.8,44644.47,264804.9,45400.7,9.48
2018-05-31,5.8,44644.47,287152.8,49303.8,9.48
2018-06-01,5.8,44644.47,189229.8,32406.1,9.48
2018-06-04,5.9,45414.19,195846.5,33156.7,9.32
2018-06-05,6.0,46183.95,341721.4,56935.0,9.17
2018-06-06,6.0,46183.95,246240.3,40801.7,9.17
2018-06-07,6.1,46953.68,600057.3,98003.9,12.3
2018-06-08,6.15,47338.54,267168.0,43343.5,12.2
2018-06-11,6.15,47338.54,140179.8,22750.1,12.2
2018-06-12,6.1,46953.68,79719.4,13001.3,12.3
2018-06-13,6.05,46568.82,96333.5,15836.7,12.4
2018-06-14,6.0,46183.95,147615.1,24511.5,12.5
2018-06-15,6.0,46183.95,198447.6,32810.3,12.5
2018-06-18,6.0,46183.95,89626.2,14907.4,12.5
2018-06-19,5.85,45029.33,288983.4,49049.5,12.82
2018-06-20,6.05,46568.82,291236.3,48720.0,12.4
2018-06-21,5.55,42720.17,244104.9,43012.7,13.51
2018-06-22,5.5,42335.3,119359.0,21581.6,13.64
2018-06-25,4.96,38178.75,323111.8,62573.3,15.12
2018-06-26,4.78,36793.23,454988.1,94131.1,15.69
2018-06-27,4.84,37255.07,395775.8,80633.6,15.5
2018-06-28,4.46,34330.08,558107.4,121552.9,16.82
2018-06-29,4.32,33252.45,288874.1,66141.0,17.36
2018-07-02,4.32,33252.45,282324.1,66230.3,17.36
2018-07-03,4.52,34791.93,485731.6,108901.9,16.59
2018-07-04,4.5,34637.98,169012.4,37623.8,16.67
2018-07-05,4.46,34330.08,142137.8,31700.7,16.82
2018-07-06,4.72,36331.39,347904.5,75051.8,15.89
2018-07-09,4.7,36177.44,156901.2,33047.1,15.96
2018-07-10,4.92,38908.34,473363.4,97276.8,15.24
2018-07-11,5.15,40727.23,474658.2,92969.0,14.56
2018-07-12,5.15,40727.23,138996.0,27053.5,14.56
2018-07-13,5.1,40331.82,82021.5,15937.8,14.71
2018-07-16,5.15,40727.23,99536.0,19280.8,14.56
2018-07-17,5.1,40331.82,136456.4,26809.2,14.71
2018-07-18,5.05,39936.41,69460.4,13690.6,14.85
2018-07-19,5.1,40331.82,106089.8,20771.2,14.71
2018-07-20,5.15,40727.23,100582.5,19462.8,14.56
2018-07-23,5.1,40331.82,68521.3,13339.7,14.71
2018-07-24,5.1,40331.82,112766.6,21881.8,14.71
2018-07-25,5.3,41913.46,372775.5,70139.2,14.15
2018-07-26,5.4,42704.28,203293.1,37687.2,13.89
2018-07-27,5.4,42704.28,NA,NA,13.89
2018-07-30,5.4,42704.28,NA,NA,13.89
2018-07-31,5.4,42704.28,118651.4,21903.9,13.89
2018-08-01,5.35,42308.88,72426.8,13444.9,14.02
2018-08-02,5.15,40727.23,203004.5,38878.5,14.56
2018-08-03,5.2,41122.64,168631.8,32124.6,14.42
2018-08-06,5.15,40727.23,97698.5,18782.6,14.56
2018-08-07,5.2,41122.64,73574.6,14146.9,14.42
2018-08-08,5.25,41518.05,178867.0,33863.6,14.29
2018-08-09,5.4,42704.28,294068.6,54253.5,13.89
2018-08-10,5.3,41913.46,112831.4,21158.2,14.15
2018-08-13,5.3,41913.46,NA,NA,14.15
2018-08-14,5.2,41122.64,120353.0,23113.2,14.42
2018-08-15,5.15,40727.23,79391.1,15302.1,14.56
2018-08-16,5.15,40727.23,104452.3,20263.4,14.56
2018-08-17,5.15,40727.23,121747.1,23340.3,14.56
2018-08-20,5.2,41122.64,49452.5,9467.4,14.42
2018-08-21,5.25,41518.05,179595.2,33961.5,14.29
2018-08-22,5.25,41518.05,94471.2,17847.9,14.29
2018-08-23,5.25,41518.05,54208.5,10261.8,14.29
2018-08-24,5.25,41518.05,51096.1,9716.8,14.29
2018-08-27,5.25,41518.05,81773.0,15453.0,14.29
2018-08-28,5.35,42308.88,241730.4,44912.1,14.02
2018-08-29,5.35,42308.88,135918.6,25283.2,14.02
2018-08-30,5.35,42308.88,42335.3,7904.0,14.02
2018-08-31,5.35,42308.88,122792.9,23097.0,14.02
2018-09-03,5.3,41913.46,49340.3,9291.2,14.15
2018-09-04,5.25,41518.05,43109.2,8190.1,14.29
2018-09-05,5.2,41122.64,100202.3,19192.9,14.42
2018-09-06,5.15,40727.23,103789.3,20117.8,14.56
2018-09-07,5.15,40727.23,47981.7,9265.8,14.56
2018-09-10,5.15,40727.23,37352.8,7243.8,14.56
2018-09-11,5.25,41518.05,178998.6,33990.5,14.29
2018-09-12,5.6,44285.91,941298.7,169404.9,13.39
2018-09-13,5.65,44681.3,585318.7,103567.7,13.27
2018-09-14,5.65,44681.3,450316.9,79029.8,13.27
2018-09-17,5.65,44681.3,188421.1,33307.1,13.27
2018-09-18,5.7,45076.72,381295.5,66912.0,13.16
2018-09-19,5.65,44681.3,110211.3,19415.6,13.27
2018-09-20,5.75,45472.15,480406.9,83054.3,13.04
2018-09-21,5.75,45472.15,134234.3,23206.3,13.04
2018-09-24,5.65,44681.3,342002.1,59857.2,13.27
2018-09-25,5.6,44285.91,94881.3,16847.8,13.39
2018-09-26,5.65,44681.3,168002.7,29628.3,13.27
2018-09-27,5.55,43890.48,192684.3,34514.4,13.51
2018-09-28,5.55,43890.48,98475.1,17713.1,13.51
2018-10-01,5.6,44285.91,126734.4,22623.8,13.39
2018-10-02,5.55,43890.48,78894.3,14152.2,13.51
2018-10-03,5.65,44681.3,376725.7,66499.3,13.27
2018-10-04,5.55,43890.48,147440.4,26341.8,13.51
2018-10-05,5.5,43495.09,147734.6,26633.1,13.64
2018-10-08,5.35,42719.59,175102.1,32321.7,14.02
2018-10-09,5.35,42719.59,93543.4,17377.0,14.02
2018-10-10,5.45,43518.07,119075.4,21963.6,13.76
2018-10-11,5.25,41921.09,159681.5,30169.5,14.29
2018-10-12,5.35,42719.59,83442.5,15653.3,14.02
2018-10-15,5.35,42719.59,NA,NA,14.02
2018-10-16,5.35,42719.59,67482.6,12608.8,14.02
2018-10-17,5.45,43518.07,329294.8,60537.1,13.76
2018-10-18,5.3,42320.34,105277.6,19661.0,14.15
2018-10-19,5.15,41122.59,180027.1,34739.4,14.56
2018-10-22,5.15,41122.59,77368.8,15142.3,14.56
2018-10-23,5.15,41122.59,NA,NA,14.56
2018-10-24,5.05,40324.1,120289.6,23848.5,14.85
2018-10-25,5.05,40324.1,117491.2,23630.1,14.85
2018-10-26,5.05,40324.1,45373.3,9054.3,14.85
2018-10-29,5.05,40324.1,21272.8,4211.1,14.85
2018-10-30,5.05,40324.1,15647.4,3096.7,14.85
2018-10-31,5.15,41122.59,37811.3,7419.6,14.56
2018-11-01,5.2,41521.84,56672.9,10940.9,14.42
2018-11-02,5.25,41921.09,51848.7,9922.4,14.29
2018-11-05,5.15,41122.59,32706.0,6330.3,14.56
2018-11-06,5.1,40723.35,44758.5,8746.2,14.71
2018-11-07,5.1,40723.35,31570.8,6190.3,14.71
2018-11-08,5.1,40723.35,57341.6,11238.4,14.71
2018-11-09,5.1,40723.35,20251.3,3972.2,14.71
2018-11-12,5.05,40324.1,72134.4,14277.2,14.85
2018-11-13,5.0,39924.85,119467.4,23913.4,15.0
2018-11-14,4.98,39765.14,61817.6,12359.8,15.06
2018-11-15,4.9,39126.35,115318.3,23387.0,15.31
2018-11-16,4.92,39286.05,48889.8,9908.4,15.24
2018-11-19,5.0,39924.85,31638.4,6367.2,15.0
2018-11-20,4.88,38966.65,56081.7,11405.3,15.37
2018-11-21,4.94,39445.75,41677.7,8512.8,15.18
2018-11-22,4.82,38487.55,62328.9,12860.4,15.56
2018-11-23,4.92,39286.05,30251.2,6211.7,15.24
2018-11-26,4.94,39445.75,20130.4,4089.9,15.18
2018-11-27,4.96,39605.45,14550.7,2944.3,15.12
2018-11-28,5.0,39924.85,48706.8,9740.2,15.0
2018-11-29,5.0,39924.85,30224.2,6019.6,15.0
2018-11-30,5.15,41122.59,62697.5,12326.8,14.56
2018-12-03,5.1,40723.35,58670.2,11373.1,14.71
2018-12-04,5.1,40723.35,24418.0,4787.6,14.71
2018-12-05,5.1,40723.35,NA,NA,14.71
2018-12-06,5.0,39924.85,18667.8,3709.1,15.0
2018-12-07,5.1,40723.35,19529.2,3843.3,14.71
2018-12-10,5.1,40723.35,NA,NA,14.71
2018-12-11,5.0,39924.85,63976.8,12793.7,15.0
2018-12-12,5.0,39924.85,23476.1,4667.0,15.0
2018-12-13,5.0,39924.85,90948.1,18102.9,15.0
2018-12-14,5.0,39924.85,38608.7,7659.1,15.0
2018-12-17,4.98,39765.14,53967.9,10780.3,15.06
2018-12-18,4.84,38647.25,92448.3,19034.9,15.5
2018-12-19,4.94,39445.75,43208.1,8853.5,15.18
2018-12-20,4.88,38966.65,19242.3,3929.1,15.37
2018-12-21,4.86,38806.95,38158.8,7841.1,15.43
2018-12-24,4.84,38647.25,25242.0,5191.6,15.5
2018-12-25,4.68,37369.66,68746.9,14499.0,16.03
2018-12-26,4.44,35453.26,115848.2,25613.9,16.89
2018-12-27,4.36,34814.46,102556.4,22820.1,17.2
2018-12-28,4.46,35612.96,49390.8,11206.8,16.82
2018-12-31,4.46,35612.96,NA,NA,16.82
2019-01-01,4.46,35612.96,NA,NA,16.82
2019-01-02,4.48,35772.66,47408.4,10535.1,16.74
2019-01-03,4.52,36092.07,42165.6,9335.4,16.59
2019-01-04,4.54,36251.76,23513.1,5225.3,16.52
2019-01-07,4.7,37529.36,117837.2,25442.2,15.96
2019-01-08,4.7,37529.36,45071.4,9611.5,15.96
2019-01-09,4.7,38252.66,21387.5,4526.8,15.96
2019-01-10,4.7,38252.66,25054.5,5320.7,15.96
2019-01-11,4.7,38252.66,22467.1,4783.9,15.96
2019-01-14,4.64,37764.33,21224.3,4548.9,16.16
2019-01-15,4.6,37438.78,15827.1,3422.5,16.3
2019-01-16,4.52,36787.67,61217.8,13606.4,16.59
2019-01-17,4.56,37113.22,33931.3,7455.7,16.45
2019-01-18,4.6,37438.78,18914.7,4111.5,16.3
2019-01-21,4.6,37438.78,20721.3,4496.4,16.3
2019-01-22,4.6,37438.78,15031.6,3267.4,16.3
2019-01-23,4.76,38741.0,119984.4,25500.2,15.76
2019-01-24,4.76,38741.0,46337.6,9759.9,15.76
2019-01-25,4.88,39717.66,70018.9,14466.5,15.37
2019-01-28,4.92,40043.21,108125.5,21817.2,15.24
2019-01-29,4.96,40368.77,44996.8,9060.5,15.12
2019-01-30,4.98,40531.54,27530.6,5529.3,15.06
2019-01-31,5.1,41508.21,88321.7,17452.8,14.71
2019-02-01,5.05,41101.27,28025.5,5538.2,14.85
2019-02-04,5.05,41101.27,23326.8,4598.3,14.85
2019-02-05,5.05,41101.27,27829.7,5491.8,14.85
2019-02-06,5.2,42322.09,103548.1,20121.2,14.42
2019-02-07,5.2,42322.09,110911.6,21366.4,14.42
2019-02-08,5.55,45170.69,584396.8,107299.5,13.51
2019-02-11,5.65,45984.56,474903.9,84585.4,13.27
2019-02-12,5.65,45984.56,186832.2,33053.3,13.27
2019-02-13,5.9,48019.29,649042.9,111283.9,12.71
2019-02-14,6.15,50053.98,786423.5,129736.4,12.2
2019-02-15,6.1,49647.04,473343.8,77039.1,12.3
2019-02-18,6.15,50053.98,273716.6,44707.1,9.43
2019-02-19,6.15,50053.98,NA,NA,9.43
2019-02-20,6.2,50460.96,459428.6,73684.1,9.35
2019-02-21,6.15,50053.98,241677.8,39074.1,9.43
2019-02-22,6.05,49240.1,471376.4,78402.0,9.59
2019-02-25,6.1,49647.04,268750.1,43909.8,9.51
2019-02-26,6.1,49647.04,174719.8,28519.7,9.51
2019-02-27,6.15,50053.98,207091.1,33936.6,9.43
2019-02-28,6.0,48833.16,170899.6,28256.5,9.67
2019-03-01,5.9,48019.29,239550.8,40346.1,9.83
2019-03-04,5.6,45577.63,249682.1,44026.1,10.36
2019-03-05,5.7,46391.5,122620.4,21861.2,10.18
2019-03-06,5.7,46391.5,91357.6,16004.2,10.18
2019-03-07,5.65,45984.56,51772.1,9133.1,10.27
2019-03-08,5.55,45170.69,79825.8,14241.6,10.45
2019-03-11,5.65,45984.56,62717.7,11139.8,10.27
2019-03-12,5.65,45984.56,160069.3,28085.5,10.27
2019-03-13,5.7,46391.5,73970.8,13085.5,10.18
2019-03-14,5.6,45577.63,154062.9,27421.3,10.36
2019-03-15,5.6,45577.63,112516.3,20154.9,10.36
2019-03-18,5.65,45984.56,54792.3,9759.8,10.27
2019-03-19,5.65,45984.56,33877.9,6008.1,10.27
2019-03-20,5.65,45984.56,43373.8,7723.0,10.27
2019-03-21,5.7,46391.5,124932.3,21952.4,10.18
2019-03-22,5.95,48426.23,392546.8,66935.1,9.75
2019-03-25,5.85,47612.35,166349.4,28329.7,9.91
2019-03-26,5.85,47612.35,64510.7,11017.0,9.91
2019-03-27,5.85,47612.35,34502.1,5882.0,9.91
2019-03-28,5.75,46798.44,125052.9,21726.9,10.09
2019-03-29,5.4,43949.83,434356.4,78633.1,10.74
2019-04-01,5.4,43949.83,83034.7,15343.9,10.74
2019-04-02,5.45,44356.77,32201.6,5910.9,10.64
2019-04-03,5.45,44356.77,92639.3,17072.7,10.64
2019-04-04,5.45,44356.77,39813.5,7307.0,10.64
2019-04-05,5.6,45577.63,160513.1,28916.3,10.36
2019-04-08,5.6,45577.63,NA,NA,10.36
2019-04-09,5.65,46051.9,120304.9,21208.6,10.27
2019-04-10,5.65,46051.9,159825.0,28247.8,10.27
2019-04-11,5.6,45644.39,62398.4,11078.2,10.36
2019-04-12,5.65,46051.9,25287.9,4479.3,10.27
2019-04-15,5.65,46051.9,NA,NA,10.27
2019-04-16,5.65,46051.9,NA,NA,10.27
2019-04-17,5.7,46459.45,43981.4,7761.9,10.18
2019-04-18,5.65,46051.9,54050.1,9501.1,10.27
2019-04-19,5.65,46051.9,36785.7,6508.7,10.27
2019-04-22,5.6,45644.39,23518.3,4187.5,10.36
2019-04-23,5.65,46051.9,26810.8,4770.9,10.27
2019-04-24,5.65,46051.9,31076.1,5501.9,10.27
2019-04-25,5.6,45644.39,43469.8,7735.8,10.36
2019-04-26,5.6,45644.39,20516.7,3667.0,10.36
2019-04-29,5.6,45644.39,25131.6,4482.3,10.36
2019-04-30,5.6,45644.39,32321.5,5773.3,10.36
2019-05-01,5.6,45644.39,NA,NA,10.36
2019-05-02,5.6,45644.39,33061.6,5905.9,10.36
2019-05-03,5.5,44829.29,83049.1,15015.4,10.55
2019-05-06,5.5,44829.29,NA,NA,10.55
2019-05-07,5.45,44421.77,50316.4,9187.4,10.64
2019-05-08,5.45,44421.77,108078.5,19674.8,10.64
2019-05-09,5.45,44421.77,19010.4,3479.4,10.64
2019-05-10,5.55,45236.84,175408.2,31533.6,10.45
2019-05-13,5.7,46459.45,313473.1,54745.2,10.18
2019-05-14,5.75,46867.0,111795.4,19578.2,10.09
2019-05-15,5.7,46459.45,96843.0,16838.2,10.18
2019-05-16,5.6,45644.39,101598.8,18219.3,10.36
2019-05-17,5.6,45644.39,57931.5,10343.9,10.36
2019-05-20,5.6,45644.39,NA,NA,10.36
2019-05-21,5.6,45644.39,66006.6,11817.9,10.36
2019-05-22,5.6,45644.39,27474.6,4918.1,10.36
2019-05-23,5.55,45236.84,27028.1,4837.2,10.45
2019-05-24,5.55,45236.84,57124.0,10294.0,10.45
2019-05-27,5.65,46051.9,65547.4,11603.0,10.27
2019-05-28,5.8,47274.55,135125.8,23545.4,10.0
2019-05-29,5.75,46867.0,93317.3,16212.6,10.09
2019-05-30,5.95,48497.17,291099.1,49507.7,9.75
2019-05-31,6.0,48904.68,252334.3,42071.7,9.67
2019-06-03,6.0,48904.68,NA,NA,9.67
2019-06-04,6.2,50534.85,335492.1,54703.3,9.35
2019-06-05,6.2,50534.85,352716.1,56449.3,9.35
2019-06-06,6.3,51349.95,339158.6,54451.0,9.21
2019-06-07,6.5,52980.08,505774.8,78598.9,8.92
2019-06-10,6.55,53387.63,306520.7,46815.2,8.85
2019-06-11,6.6,53795.18,251617.8,38315.7,8.79
2019-06-12,6.7,54610.25,309841.1,46531.3,8.66
2019-06-13,6.65,54202.7,243454.5,36681.7,8.72
2019-06-14,6.4,52165.02,490539.6,75425.6,9.06
2019-06-17,6.3,51349.95,254867.9,40389.7,9.21
2019-06-18,6.75,55017.8,526318.9,80342.5,8.59
2019-06-19,6.7,54610.25,253466.6,37809.5,8.66
2019-06-20,6.8,55425.31,271469.3,40184.2,8.53
2019-06-21,6.8,55425.31,271587.5,40121.7,8.53
2019-06-24,6.8,55425.31,128259.8,18912.7,8.53
2019-06-25,6.75,55017.8,81954.8,12133.1,8.59
2019-06-26,6.75,55017.8,85646.4,12674.2,8.59
2019-06-27,7.05,57463.03,857744.9,123176.3,8.23
2019-06-28,7.2,58685.64,643891.9,90239.6,8.06
2019-07-01,7.2,58685.64,257896.3,36017.8,8.06
2019-07-02,7.0,57055.48,284887.3,40083.5,8.29
2019-07-03,7.4,60315.81,659113.1,90530.5,7.84
2019-07-04,7.3,59500.71,726410.7,99384.6,7.95
2019-07-05,7.3,59500.71,370056.2,50943.2,7.95
2019-07-08,7.6,61969.28,1105691.0,146013.3,7.63
2019-07-09,7.5,61153.89,1326785.0,174871.7,7.73
2019-07-10,7.6,61969.28,305206.3,40333.2,7.63
2019-07-11,7.6,61969.28,746788.8,98785.2,7.63
2019-07-12,7.6,61969.28,263467.3,34569.0,7.63
2019-07-15,7.65,62376.96,233859.8,30842.7,7.58
2019-07-16,7.65,62376.96,NA,NA,7.58
2019-07-17,7.75,63192.35,722605.2,93398.1,7.48
2019-07-18,7.85,64007.74,621346.1,79843.9,7.39
2019-07-19,7.85,64007.74,607750.4,77055.3,7.39
2019-07-22,7.6,61969.28,1054639.0,135571.9,7.63
2019-07-23,6.3,51369.29,4299129.0,654864.1,9.21
2019-07-24,6.25,50961.57,2578017.0,410332.6,9.28
2019-07-25,6.25,50961.57,1162677.0,185434.1,9.28
2019-07-26,6.3,51369.29,544596.5,86306.7,9.21
2019-07-29,6.3,51369.29,NA,NA,9.21
2019-07-30,6.25,50961.57,297106.3,47419.8,9.28
2019-07-31,6.3,51369.29,412183.4,65263.0,9.21
2019-08-01,6.25,50961.57,507546.3,80675.9,9.28
2019-08-02,6.25,50961.57,218999.6,35134.1,9.28
2019-08-05,6.2,50553.89,219652.6,35234.1,9.35
2019-08-06,6.3,51369.29,292008.8,47005.9,9.21
2019-08-07,6.3,51369.29,111066.3,17681.7,9.21
2019-08-08,6.65,54223.13,1423959.0,216480.1,8.72
2019-08-09,6.5,53000.03,652611.7,99704.1,8.92
2019-08-12,6.5,53000.03,NA,NA,8.92
2019-08-13,6.3,51369.29,230591.0,36066.8,9.21
2019-08-14,6.35,51776.96,368455.7,57971.4,9.13
2019-08-15,6.25,50961.57,332269.3,53000.3,9.28
2019-08-16,6.65,54223.13,552457.0,85689.1,8.72
2019-08-19,6.65,54223.13,660169.7,100012.9,8.72
2019-08-20,6.55,53407.74,229346.6,34876.3,8.85
2019-08-21,6.6,53815.42,516423.8,78259.6,8.79
2019-08-22,6.7,54630.81,1128489.0,167931.4,8.66
2019-08-23,6.75,55038.52,914264.4,134887.0,8.59
2019-08-26,6.65,54223.13,317341.1,47822.8,8.72
2019-08-27,6.45,52592.35,410607.8,62847.3,8.99
2019-08-28,6.55,53407.74,249043.3,38024.1,8.85
2019-08-29,6.5,53000.03,180323.1,27782.8,8.92
2019-08-30,6.75,55038.52,355133.6,53280.0,8.59
2019-09-02,6.7,54630.81,181335.6,27065.0,8.66
2019-09-03,6.65,54223.13,222274.1,33467.5,8.72
2019-09-04,6.65,54223.13,295047.8,43990.1,8.72
2019-09-05,6.7,54630.81,137674.1,20637.2,8.66
2019-09-06,6.6,53815.42,98805.0,14882.2,8.79
2019-09-09,6.55,53407.74,128381.9,19564.5,8.85
2019-09-10,6.35,51776.96,318126.3,49456.4,9.13
2019-09-11,6.6,53815.42,250905.1,38577.3,8.79
2019-09-12,6.55,53407.74,200160.6,30240.2,8.85
2019-09-13,6.6,53815.42,160122.6,24347.1,8.79
2019-09-16,6.55,53407.74,33189.6,5049.5,8.85
2019-09-17,6.4,52184.64,589434.3,93862.8,9.06
2019-09-18,6.35,51776.96,174132.9,27569.6,9.13
2019-09-19,6.2,50553.89,188013.1,30046.9,9.35
2019-09-20,6.2,50553.89,106624.5,17194.0,9.35
2019-09-23,6.4,52184.64,263354.3,41263.5,9.06
2019-09-24,6.25,50961.57,311076.8,49628.9,9.28
2019-09-25,6.25,50961.57,275182.1,43569.5,9.28
2019-09-26,6.3,51369.29,164389.5,25953.8,9.21
2019-09-27,6.55,53407.74,447628.8,68941.8,8.85
2019-09-30,6.4,52184.64,220863.7,33987.8,9.06
2019-10-01,6.3,51369.29,287711.3,45082.6,9.21
2019-10-02,6.3,51369.29,93534.6,14817.9,9.21
2019-10-03,6.25,50961.57,75718.9,12095.4,9.28
2019-10-04,6.3,51369.29,181215.3,28585.4,9.21
2019-10-07,6.3,51369.29,117030.0,18545.1,9.21
2019-10-08,6.35,51849.95,80816.1,12696.0,9.13
2019-10-09,6.35,51849.95,44277.1,6976.7,9.13
2019-10-10,6.35,51849.95,130414.6,20466.2,9.13
2019-10-11,6.45,52666.49,170621.9,26607.1,8.99
2019-10-14,6.45,52666.49,NA,NA,8.99
2019-10-15,6.5,53074.74,231636.3,35796.9,8.92
2019-10-16,6.55,53483.03,108091.8,16521.8,8.85
2019-10-17,6.45,52666.49,104871.5,16126.6,8.99
2019-10-18,6.4,52258.2,271715.5,42493.6,9.06
2019-10-21,6.4,52258.2,56090.3,8769.9,9.06
2019-10-22,6.55,53483.03,186802.1,28750.4,8.85
2019-10-23,6.55,53483.03,NA,NA,8.85
2019-10-24,6.7,54707.81,485106.6,73880.4,8.66
2019-10-25,6.45,52666.49,213854.5,32614.5,8.99
2019-10-28,6.55,53483.03,112863.1,17404.5,8.85
2019-10-29,6.45,52666.49,91034.3,14029.3,8.99
2019-10-30,6.3,51441.7,129975.3,20424.0,9.21
2019-10-31,6.25,51033.41,113494.3,18018.0,9.28
2019-11-01,4.38,35764.23,2263686.0,465348.2,13.24
2019-11-04,4.9,40010.21,5087986.0,1111328.0,11.84
2019-11-05,4.98,40663.44,1711209.0,342087.7,11.65
2019-11-06,4.9,40010.21,622446.4,126456.6,11.84
2019-11-07,5.0,40826.75,550211.1,110290.0,11.6
2019-11-08,5.05,41235.02,204190.3,40582.6,11.49
2019-11-11,4.94,40336.82,345911.6,69441.8,11.74
2019-11-12,5.15,42051.55,418265.4,81978.8,11.26
2019-11-13,5.0,40826.75,290358.3,58002.8,11.6
2019-11-14,5.1,41643.29,309858.1,61481.2,11.37
2019-11-15,4.94,40336.82,223352.7,44871.1,11.74
2019-11-18,4.86,39683.6,726608.4,152684.4,11.93
2019-11-19,4.86,39683.6,243048.3,50021.3,11.93
2019-11-20,4.92,40173.52,531746.2,107315.8,11.79
2019-11-21,5.0,40826.75,557684.7,110838.3,11.6
2019-11-22,4.94,40336.82,533746.1,108286.3,11.74
2019-11-25,4.98,40663.44,236452.7,47724.3,11.65
2019-11-26,4.98,40663.44,186723.1,37480.0,11.65
2019-11-27,4.94,40336.82,223819.8,45034.8,11.74
2019-11-28,5.05,41235.02,472807.4,94888.6,7.79
2019-11-29,5.2,42459.82,516363.0,100435.7,7.56
2019-12-02,5.35,43684.62,596647.6,112970.6,7.35
2019-12-03,5.35,43684.62,655409.6,120186.9,7.35
2019-12-04,5.4,44092.86,248955.8,46186.5,7.28
2019-12-05,5.4,44092.86,NA,NA,7.28
2019-12-06,5.3,43276.33,187723.4,35036.9,7.42
2019-12-09,5.3,43276.33,236468.0,44648.0,7.42
2019-12-10,5.3,43276.33,NA,NA,7.42
2019-12-11,4.94,40336.82,229288.1,46030.4,7.96
2019-12-12,5.0,40826.75,129621.3,25895.7,7.87
2019-12-13,5.0,40826.75,63452.5,12608.4,7.87
2019-12-16,4.96,40500.14,100305.8,20166.3,7.93
2019-12-17,4.9,40010.21,165208.6,33530.3,8.03
2019-12-18,4.98,40663.44,261231.9,52437.8,7.9
2019-12-19,5.2,42459.82,525913.3,103283.8,7.56
2019-12-20,5.05,41235.02,484735.5,94499.0,7.79
2019-12-23,5.0,40826.75,120255.6,23970.9,7.87
2019-12-24,5.0,40826.75,64215.0,12790.7,7.87
2019-12-25,5.0,40826.75,85063.3,17013.6,7.87
2019-12-26,4.98,40663.44,95309.6,19090.9,7.9
2019-12-27,4.98,40663.44,67604.1,13570.9,7.9
2019-12-30,5.0,40826.75,47903.1,9570.5,7.87
2019-12-31,5.0,40826.75,NA,NA,7.87
