Date,Price,MV,VA,VO,DY,Date,Ticker,Sector,Industry,High,Low,Open,Close,Volume,Adj Close,FF-01,FF-02,FF-03,FF-04,FF-05,FF-06,FF-07,FF-08,FF-09,FF-11,FF-12
2018-10-17,27.25,81852.06,10750080.0,377505.3,0.0,2018-10-17,OSP,Food & Beverage,Agro & Food Industry,30.0,27.0,30.0,27.25,377490600.0,25.16257095336914,,,,,,,,,,,
2018-10-18,25.5,76595.56,4266993.0,163863.6,0.0,2018-10-18,OSP,Food & Beverage,Agro & Food Industry,27.0,25.5,27.0,25.5,163858100.0,23.5466251373291,27.25,0.06637506894487259,,,,,,,,,
2018-10-19,25.25,75844.56,2796075.0,108485.4,0.0,2018-10-19,OSP,Food & Beverage,Agro & Food Industry,26.25,25.25,25.5,25.25,108483300.0,23.315773010253906,25.5,0.00985229644301164,,,,,,,,,
2018-10-22,23.7,71188.75,3009722.0,123432.1,0.0,2018-10-22,OSP,Food & Beverage,Agro & Food Industry,25.75,23.70000076293945,25.25,23.70000076293945,123428600.0,21.88451385498047,25.25,0.06335107538874582,,,,,,,,,
2018-10-24,23.0,69086.13,2811821.0,119533.7,0.0,2018-10-24,OSP,Food & Beverage,Agro & Food Industry,24.0,22.79999923706055,23.29999923706055,23.0,119530400.0,21.238134384155273,23.70000076293945,0.029980864403473268,24.940000152587892,24.253333536783853,24.940000152587892,,,,,,
2018-10-25,24.4,73291.38,2253990.0,94751.5,0.0,2018-10-25,OSP,Food & Beverage,Agro & Food Industry,24.5,22.899999618530273,23.0,24.399999618530273,94749500.0,22.53088760375977,23.0,-0.059088900736001156,24.370000076293945,24.07333335876465,24.759999974568686,,,,,,
2018-10-26,23.9,71789.5,1003391.0,41550.1,0.0,2018-10-26,OSP,Food & Beverage,Agro & Food Industry,24.399999618530273,23.899999618530273,24.20000076293945,23.899999618530273,41549500.0,22.06919288635254,24.399999618530273,0.020704673688762488,24.05,23.916666539510093,24.473333189222547,,,,,,
2018-10-29,23.9,71789.5,581965.1,24216.9,0.0,2018-10-29,OSP,Food & Beverage,Agro & Food Industry,24.29999923706055,23.79999923706055,24.10000038146973,23.899999618530273,24216100.0,22.06919288635254,23.899999618530273,0.0,23.779999923706054,23.866666412353517,24.28222199899179,,,,,,
2018-10-30,24.6,73892.19,1484343.0,60731.6,0.0,2018-10-30,OSP,Food & Beverage,Agro & Food Industry,24.79999923706055,23.79999923706055,24.0,24.60000038146973,60730500.0,22.71556854248047,23.899999618530273,-0.028868015468828206,23.95999984741211,24.13999989827474,24.388148126484438,,,53.05741935949089,37.68853216767068,,
2018-10-31,25.75,77346.44,1921718.0,75401.3,0.0,2018-10-31,OSP,Food & Beverage,Agro & Food Industry,26.25,24.79999923706055,24.79999923706055,25.75,75400400.0,23.77747344970703,24.60000038146973,-0.04568816866452851,24.50999984741211,24.736666615804037,24.842098750989624,,,70.78760822217093,53.200280428973734,,
2018-11-01,25.75,77346.44,474212.5,18428.5,0.0,2018-11-01,OSP,Food & Beverage,Agro & Food Industry,26.0,25.5,25.75,25.75,18428000.0,23.77747344970703,25.75,0.0,24.779999923706054,25.15,25.14473250065975,,-1.5,84.88884295852621,69.57795684672935,,
2018-11-02,25.5,76595.56,599260.6,23227.5,0.0,2018-11-02,OSP,Food & Beverage,Agro & Food Industry,26.25,25.5,26.0,25.5,23227000.0,23.5466251373291,25.75,0.009756174945364656,25.1,25.390000025431316,25.263155000439834,,0.0,78.01807876330955,77.89817664800223,,
2018-11-05,24.0,72089.88,1750059.0,71457.8,0.0,2018-11-05,OSP,Food & Beverage,Agro & Food Industry,25.25,23.60000038146973,25.25,24.0,71456200.0,22.161529541015625,25.5,0.06062462181643484,25.120000076293945,25.02333335876465,24.842103333626557,,-1.25,54.691311708360054,72.53274447673193,,
2018-11-06,24.0,72089.88,781548.2,32388.6,0.0,2018-11-06,OSP,Food & Beverage,Agro & Food Industry,24.399999618530273,23.79999923706055,24.29999923706055,24.0,32387600.0,22.161529541015625,24.0,0.0,25.0,24.65,24.561402222417705,,0.2999992370605504,33.192139811868664,55.30051009451276,-83.33332450301656,
2018-11-07,24.3,72991.0,276414.3,11461.6,0.0,2018-11-07,OSP,Food & Beverage,Agro & Food Industry,24.29999923706055,23.899999618530273,24.0,24.29999923706055,11461300.0,22.438549041748047,24.0,-0.012422488601871538,24.70999984741211,24.416666412353514,24.47426789396532,,1.2999992370605504,18.867903252545663,35.58378492425813,-64.28572077329346,
2018-11-08,24.3,72991.0,314104.1,12837.4,0.0,2018-11-08,OSP,Food & Beverage,Agro & Food Industry,24.70000076293945,24.20000076293945,24.399999618530273,24.29999923706055,12836800.0,22.438549041748047,24.29999923706055,0.0,24.41999969482422,24.27999954223633,24.41617834166373,35.32337817469192,-0.10000038146972301,22.641479104692824,24.900507389702387,-56.52174874529655,
2018-11-09,24.2,72690.69,108721.6,4475.8,0.0,2018-11-09,OSP,Food & Beverage,Agro & Food Industry,24.5,24.20000076293945,24.20000076293945,24.20000076293945,4475400.0,22.346210479736328,24.29999923706055,0.004123654260753389,24.15999984741211,24.206666564941408,24.344119148755638,34.950774297883605,0.30000114440917613,29.731259267915657,23.746880541718053,-59.42025460057934,
2018-11-12,24.0,72089.88,119667.4,4958.2,0.0,2018-11-12,OSP,Food & Beverage,Agro & Food Industry,24.399999618530273,24.0,24.399999618530273,24.0,4957900.0,22.161529541015625,24.20000076293945,0.008298834341118133,24.15999984741211,24.153333282470705,24.229412765837093,34.178207703146114,0.10000038146972656,28.333664054692377,26.902134142433624,-65.21737688205519,
2018-11-13,24.0,72089.88,243988.8,10149.1,0.0,2018-11-13,OSP,Food & Beverage,Agro & Food Industry,24.399999618530273,23.79999923706055,23.899999618530273,24.0,10148900.0,22.161529541015625,24.0,0.0,24.15999984741211,24.1,24.152941843891394,34.178207703146114,-0.6000003814697301,26.936068841469098,28.33366405469238,-67.16417145638862,
2018-11-14,24.1,72390.31,143719.6,5955.6,0.0,2018-11-14,OSP,Food & Beverage,Agro & Food Industry,24.29999923706055,24.0,24.10000038146973,24.10000038146973,5955500.0,22.253870010375977,24.0,-0.004158025977283118,24.120000076293945,24.080000178019205,24.13529468975084,35.00285803029139,-1.6499996185302699,25.92598087003203,27.065237922064508,-81.13207275564412,
2018-11-15,24.0,72089.88,202219.6,8423.3,0.0,2018-11-15,OSP,Food & Beverage,Agro & Food Industry,24.20000076293945,23.899999618530273,24.0,24.0,8423100.0,22.161529541015625,24.10000038146973,0.004158025977283073,24.060000228881837,24.04000015258789,24.090196459833894,34.53922334064628,-1.75,28.042393238411307,26.968147649970817,-84.90567259960152,
2018-11-16,24.0,72089.88,149590.4,6230.5,0.0,2018-11-16,OSP,Food & Beverage,Agro & Food Industry,24.20000076293945,23.899999618530273,24.10000038146973,24.0,6230200.0,22.161529541015625,24.0,0.0,24.020000076293947,24.020000076293947,24.060130973222595,34.53922334064629,-1.5,31.74611656504743,28.571496891163594,-84.90567259960152,
2018-11-19,24.4,73291.38,205271.9,8445.6,0.0,2018-11-19,OSP,Food & Beverage,Agro & Food Industry,24.5,24.0,24.0,24.399999618530273,8445600.0,22.53088760375977,24.0,-0.016529286317205204,24.1,24.14666659037272,24.17342052165849,38.29237093679503,0.39999961853027344,49.206397502744096,36.33163576873428,-69.81134519920289,
2018-11-20,24.2,72690.69,219181.4,9031.4,0.0,2018-11-20,OSP,Food & Beverage,Agro & Food Industry,24.399999618530273,24.10000038146973,24.29999923706055,24.20000076293945,9031200.0,22.346210479736328,24.399999618530273,0.008230451976087025,24.14000015258789,24.180000178019206,24.182280602085477,37.15128210970875,0.20000076293944957,56.34928167718069,45.76726524832407,-77.3584729116871,
2018-11-21,24.5,73591.75,325494.9,13328.1,0.0,2018-11-21,OSP,Food & Beverage,Agro & Food Industry,24.60000038146973,24.10000038146973,24.10000038146973,24.5,13327900.0,22.62322807312012,24.20000076293945,-0.012320452861617566,24.220000076293946,24.300000127156576,24.288187068056985,40.02366911054177,0.20000076293944957,73.80955084110299,59.78841000700927,-66.03774535524562,
2018-11-22,24.5,73591.75,828451.0,33447.3,0.0,2018-11-22,OSP,Food & Beverage,Agro & Food Industry,25.25,24.399999618530273,24.79999923706055,24.5,33446900.0,22.62322807312012,24.5,0.0,24.320000076293944,24.393333435058594,24.358791378704655,40.02366911054177,0.20000076293944957,60.052955292415284,63.40392927023299,-45.45455596335587,
2018-11-23,24.9,74793.25,295217.3,11951.8,0.0,2018-11-23,OSP,Food & Beverage,Agro & Food Industry,25.0,24.399999618530273,24.60000038146973,24.899999618530273,11951500.0,22.99258804321289,24.5,-0.016194670599911226,24.5,24.586666615804038,24.539194125313195,43.944943208641554,0.6999988555908239,67.38622547134999,67.0829105349561,-24.1379446421948,
2018-11-26,25.0,75093.69,439506.4,17541.4,0.0,2018-11-26,OSP,Food & Beverage,Agro & Food Industry,25.25,24.79999923706055,25.0,25.0,17541200.0,23.08492660522461,24.899999618530273,-0.004008036717608227,24.620000076293945,24.753333282470702,24.69279608354213,44.909721619751366,1.0,64.90176399309053,64.11364825228527,-17.241370238536884,
2018-11-27,25.0,75093.69,126987.6,5064.1,0.0,2018-11-27,OSP,Food & Beverage,Agro & Food Industry,25.25,25.0,25.25,25.0,5064000.0,23.08492660522461,25.0,0.0,24.779999923706054,24.879999923706055,24.795197389028086,44.909721619751366,1.0,76.17389806351862,69.48729584265305,-17.241370238536884,
2018-11-28,25.25,75844.56,120927.3,4794.6,0.0,2018-11-28,OSP,Food & Beverage,Agro & Food Industry,25.5,25.0,25.0,25.25,4794600.0,23.315773010253906,25.0,-0.009950330853168092,24.929999923706056,25.036666615804037,24.946798259352057,47.50278904529246,1.1499996185302699,77.93148662082149,73.00238289247689,-14.70587575312191,
2018-11-29,24.9,74793.25,230776.4,9231.3,0.0,2018-11-29,OSP,Food & Beverage,Agro & Food Industry,25.25,24.899999618530273,25.25,24.899999618530273,9231200.0,22.99258804321289,25.25,0.01395836757077646,25.00999984741211,25.026666514078777,24.93119871241146,44.37007511045404,0.8999996185302734,66.99604239991218,73.70047569475078,-35.29412424687819,
2018-11-30,25.0,75093.69,88722.2,3550.2,0.0,2018-11-30,OSP,Food & Beverage,Agro & Food Industry,25.25,24.899999618530273,25.0,25.0,3550000.0,23.08492660522461,24.899999618530273,-0.004008036717608227,25.029999923706054,25.023333231608074,24.954132474940973,45.470920079167634,1.0,50.432923755992505,65.12015092557542,-29.41175150624382,
2018-12-03,25.0,75093.69,129441.3,5165.6,0.0,2018-12-03,OSP,Food & Beverage,Agro & Food Industry,25.25,25.0,25.0,25.0,5165400.0,23.08492660522461,25.0,0.0,25.029999923706054,25.01333325703939,24.969421649960648,45.470920079167634,0.6000003814697266,30.230918587395497,49.21996158110009,-31.249992549421176,
2018-12-04,25.25,75844.56,92068.4,3661.9,0.0,2018-12-04,OSP,Food & Beverage,Agro & Food Industry,25.25,25.0,25.0,25.25,3661700.0,23.315773010253906,25.0,-0.009950330853168092,25.079999923706055,25.086666615804038,25.06294776664043,48.40128287041116,1.0499992370605504,34.523861965039046,38.395901436142374,-15.624996274710588,
2018-12-06,25.0,75093.69,229706.0,9194.8,0.0,2018-12-06,OSP,Food & Beverage,Agro & Food Industry,25.25,24.79999923706055,25.0,25.0,9194700.0,23.08492660522461,25.25,0.009950330853168092,25.029999923706054,25.059999974568687,25.041965177760286,45.76615971883093,0.5,39.81487270238315,34.85655108493926,-31.249992549421176,
2018-12-07,25.0,75093.69,95849.1,3832.7,0.0,2018-12-07,OSP,Food & Beverage,Agro & Food Industry,25.25,24.899999618530273,25.0,25.0,3832700.0,23.08492660522461,25.0,0.0,25.05,25.05,25.027976785173525,45.76615971883092,0.5,49.07414569765009,41.13762678835746,-33.333333333333336,
2018-12-11,25.0,75093.69,115626.4,4617.8,0.0,2018-12-11,OSP,Food & Beverage,Agro & Food Industry,25.25,25.0,25.0,25.0,4617700.0,23.08492660522461,25.0,0.0,25.05,25.033333333333335,25.018651190115683,45.76615971883093,0.10000038146972656,44.44453863434026,44.444519011457864,-35.71429544565903,
2018-12-12,25.25,75844.56,264851.4,10453.3,0.0,2018-12-12,OSP,Food & Beverage,Agro & Food Industry,25.75,25.0,25.25,25.25,10452900.0,23.315773010253906,25.0,-0.009950330853168092,25.1,25.1,25.095767460077123,49.16988724711554,0.25,45.419180196463905,46.312621509484785,-30.303037308903917,
2018-12-13,24.9,74793.25,169598.0,6780.5,0.0,2018-12-13,OSP,Food & Beverage,Agro & Food Industry,25.25,24.899999618530273,25.25,24.899999618530273,6780400.0,22.99258804321289,25.25,0.01395836757077646,25.029999923706054,25.033333206176756,25.03051151289484,44.93928389294206,-0.10000038146972656,34.113116481861546,41.3256117708886,-62.96297342852177,
2018-12-14,24.8,74492.88,221976.9,8948.4,0.0,2018-12-14,OSP,Food & Beverage,Agro & Food Industry,25.0,24.5,24.899999618530273,24.79999923706055,8947800.0,22.900245666503906,24.899999618530273,0.00402416574334401,24.989999771118164,24.956666310628254,24.953674087616744,43.78600386685723,-0.4500007629394496,27.298249925362807,35.61018220122945,-70.37040699982596,
2018-12-17,24.8,74492.88,195268.1,7881.1,0.0,2018-12-17,OSP,Food & Beverage,Agro & Food Industry,25.0,24.5,24.899999618530273,24.79999923706055,7880900.0,22.900245666503906,24.79999923706055,0.0,24.949999618530274,24.893332799275715,24.902449137431347,43.78600386685723,-0.10000038146972301,19.508741806740424,26.973369404654957,-76.00006103515597,
2018-12-18,24.4,73291.38,204683.0,8365.9,0.0,2018-12-18,OSP,Food & Beverage,Agro & Food Industry,24.79999923706055,24.29999923706055,24.79999923706055,24.399999618530273,8872000.0,22.53088760375977,24.79999923706055,0.01626050574209758,24.82999954223633,24.70999946594238,24.734965964464322,39.170186381118796,-0.6000003814697266,18.298817444448584,21.701936392183967,-93.10342559634233,
2018-12-19,24.8,74492.88,64556.0,2617.8,0.0,2018-12-19,OSP,Food & Beverage,Agro & Food Industry,24.79999923706055,24.399999618530273,24.5,24.79999923706055,2617600.0,22.900245666503906,24.399999618530273,-0.01626050574209767,24.73999938964844,24.699999364217124,24.756643721996397,45.34350022032054,-0.20000076293944957,27.84268334926351,21.883414200150867,-65.51725952292624,
2018-12-20,24.5,73591.75,97210.0,3968.1,0.0,2018-12-20,OSP,Food & Beverage,Agro & Food Industry,24.79999923706055,24.29999923706055,24.79999923706055,24.5,3967900.0,22.62322807312012,24.79999923706055,0.012170504856567252,24.659999465942384,24.619999567667644,24.671095814664266,41.92454054392378,-0.75,29.366539168418154,25.16934665404344,-86.20685119268441,
2018-12-21,24.5,73591.75,103272.9,4216.1,0.0,2018-12-21,OSP,Food & Beverage,Agro & Food Industry,24.70000076293945,24.29999923706055,24.399999618530273,24.5,4215900.0,22.62322807312012,24.5,0.0,24.599999618530273,24.566666412353516,24.614063876442845,41.924540543923776,-0.5,36.59151650796825,31.266913008549995,-86.20685119268441,
2018-12-24,24.4,73291.38,82864.0,3384.9,0.0,2018-12-24,OSP,Food & Beverage,Agro & Food Industry,24.60000038146973,24.29999923706055,24.5,24.399999618530273,3384800.0,22.53088760375977,24.5,0.004090000885530432,24.519999694824218,24.49999974568685,24.54270912380532,40.74882573550499,-0.6000003814697266,25.714363046186847,30.557472907524442,-93.10342559634233,
2018-12-25,24.1,72390.31,111639.6,4608.8,0.0,2018-12-25,OSP,Food & Beverage,Agro & Food Industry,24.399999618530273,24.10000038146973,24.29999923706055,24.10000038146973,4608600.0,22.253870010375977,24.399999618530273,0.01237126033992226,24.45999984741211,24.359999974568684,24.39513954302679,37.379458139381136,-0.8999996185302699,16.190527572084193,26.16546904207979,-100.0,
2018-12-26,24.1,72390.31,30982.6,1283.2,0.0,2018-12-26,OSP,Food & Beverage,Agro & Food Industry,24.29999923706055,24.10000038146973,24.20000076293945,24.10000038146973,1283100.0,22.253870010375977,24.10000038146973,0.0,24.320000076293944,24.24000015258789,24.29675982250777,37.379458139381136,-1.1499996185302699,6.666692097981539,16.190527572084218,-100.0,
2018-12-27,23.9,71789.5,64707.0,2681.0,0.0,2018-12-27,OSP,Food & Beverage,Agro & Food Industry,24.5,23.899999618530273,24.399999618530273,23.899999618530273,2680700.0,22.06919288635254,24.10000038146973,0.008333413348840359,24.2,24.1,24.164506421181937,35.15483567794416,-1.0,4.736951571734001e-15,7.619073223355269,-100.0,
2018-12-28,24.5,73591.75,116052.7,4784.8,0.0,2018-12-28,OSP,Food & Beverage,Agro & Food Industry,24.5,23.899999618530273,24.0,24.5,4784800.0,22.62322807312012,23.899999618530273,-0.02479467457429282,24.2,24.2,24.276337614121292,45.5675568984825,-0.2999992370605504,28.571415596281806,11.746035898087806,-67.567553635148,
2019-01-02,24.0,72089.88,108943.8,4526.0,0.0,2019-01-02,OSP,Food & Beverage,Agro & Food Industry,24.399999618530273,23.899999618530273,24.399999618530273,24.0,4525400.0,22.161529541015625,24.5,0.02061928720273561,24.120000076293945,24.133333333333333,24.18422507608086,39.853612142414335,-0.7999992370605504,34.126988812461626,20.899468136247837,-94.5945750892072,
2019-01-03,24.0,72089.88,215372.9,8887.6,0.0,2019-01-03,OSP,Food & Beverage,Agro & Food Industry,24.70000076293945,23.899999618530273,24.20000076293945,24.0,8887400.0,22.161529541015625,24.0,0.0,24.1,24.093333307902018,24.12281671738724,39.853612142414335,-0.39999961853027344,38.29366541322156,33.664023273988356,-92.59256642869555,
2019-01-04,23.8,71489.13,270228.3,11349.1,0.0,2019-01-04,OSP,Food & Beverage,Agro & Food Industry,24.10000038146973,23.70000076293945,24.0,23.79999923706055,11349000.0,21.976848602294922,24.0,0.008368281726796593,24.039999771118165,23.993333053588866,24.015210890611677,37.6837955478728,-1.0,13.055532287643123,28.49206217110879,-92.30780516862386,
2019-01-07,23.8,71489.13,85134.4,3565.0,0.0,2019-01-07,OSP,Food & Beverage,Agro & Food Industry,24.10000038146973,23.70000076293945,23.899999618530273,23.79999923706055,3564900.0,21.976848602294922,23.79999923706055,0.0,24.019999694824218,23.91333287556966,23.9434736727613,37.6837955478728,-0.7000007629394496,10.833241542166668,20.727479747677137,-92.30780516862386,
2019-01-08,23.8,71489.13,130002.1,5433.7,0.0,2019-01-08,OSP,Food & Beverage,Agro & Food Industry,24.20000076293945,23.79999923706055,23.899999618530273,23.79999923706055,5433600.0,21.976848602294922,23.79999923706055,0.0,23.879999542236327,23.839999389648437,23.89564886086105,37.6837955478728,-0.7000007629394496,9.999847412110093,11.29620708063998,-90.90921701495998,
2019-01-09,24.1,72390.31,182771.8,7574.2,0.0,2019-01-09,OSP,Food & Beverage,Agro & Food Industry,24.399999618530273,23.899999618530273,23.899999618530273,24.10000038146973,7574000.0,22.253870010375977,23.79999923706055,-0.012526307704079611,23.899999618530273,23.913333002726237,23.963766034397278,43.37190824863581,-0.2999992370605433,19.99988555908275,13.610991504453189,-63.636347873129516,
2019-01-10,24.1,72390.31,121493.8,5037.2,0.0,2019-01-10,OSP,Food & Beverage,Agro & Food Industry,24.29999923706055,24.0,24.20000076293945,24.10000038146973,5037100.0,22.253870010375977,24.10000038146973,0.0,23.91999969482422,23.979999923706053,24.00917748342143,43.37190824863581,0.0,35.71423511118066,21.90465602745785,-63.636347873129516,
2019-01-11,24.4,73291.38,119936.3,4936.5,0.0,2019-01-11,OSP,Food & Beverage,Agro & Food Industry,24.399999618530273,24.0,24.20000076293945,24.399999618530273,4936400.0,22.53088760375977,24.10000038146973,-0.012371260339922162,24.039999771118165,24.13999989827474,24.13945152845771,48.7427928789344,0.2999992370605433,65.71428597381063,40.4761355480247,-30.000114440917613,
2019-01-14,24.1,72390.31,82191.2,3394.2,0.0,2019-01-14,OSP,Food & Beverage,Agro & Food Industry,24.399999618530273,24.0,24.29999923706055,24.10000038146973,3394200.0,22.253870010375977,24.399999618530273,0.01237126033992226,24.1,24.16000010172526,24.126301146128384,44.24648637181194,0.20000076293945668,69.04768500467416,56.825402029888515,-60.000038146971946,
2019-01-15,24.0,72089.88,54305.4,2252.7,0.0,2019-01-15,OSP,Food & Beverage,Agro & Food Industry,24.20000076293945,24.0,24.20000076293945,24.0,2252700.0,22.161529541015625,24.10000038146973,0.004158025977283073,24.14000015258789,24.126666768391928,24.08420076408559,42.83527587853003,-0.5,56.66674507985466,63.809572019446506,-70.00007629394496,
2019-01-16,23.7,71188.75,144912.3,6094.1,0.0,2019-01-16,OSP,Food & Beverage,Agro & Food Industry,24.0,23.5,24.0,23.70000076293945,6093800.0,21.88451385498047,24.0,0.012578750015322665,24.060000228881837,23.980000305175782,23.956134097036877,38.85226853732531,-0.2999992370605504,30.740850550627226,52.1517602117187,-83.3332803514608,
2019-01-17,23.7,71188.75,32649.7,1376.7,0.0,2019-01-17,OSP,Food & Beverage,Agro & Food Industry,23.899999618530273,23.60000038146973,23.79999923706055,23.70000076293945,1376500.0,21.88451385498047,23.70000076293945,0.0,23.980000305175782,23.860000483194987,23.8707563190044,38.85226853732531,-0.2999992370605504,21.48156970619357,36.2963884455585,-83.3332803514608,
2019-01-18,23.6,70888.44,51972.9,2202.1,0.0,2019-01-18,OSP,Food & Beverage,Agro & Food Industry,23.899999618530273,23.5,23.79999923706055,23.60000038146973,2201800.0,21.79217338562012,23.70000076293945,0.004228352137087176,23.820000457763673,23.733333841959634,23.780504339826177,37.51736518887176,-0.1999988555908203,18.518597010264948,23.580339089028598,-91.66664017572997,
2019-01-21,23.3,69987.31,59171.7,2521.1,0.0,2019-01-21,OSP,Food & Beverage,Agro & Food Industry,23.70000076293945,23.29999923706055,23.60000038146973,23.29999923706055,2521000.0,21.515151977539066,23.60000038146973,0.012793400368063852,23.660000228881835,23.56000010172526,23.620335972237633,33.78610104051696,-0.5,11.111158206159052,17.037108307539206,-100.0,
2019-01-22,23.9,71789.5,137744.9,5812.1,0.0,2019-01-22,OSP,Food & Beverage,Agro & Food Industry,24.0,23.29999923706055,23.399999618530273,23.899999618530273,5811900.0,22.06919288635254,23.29999923706055,-0.025425115148916454,23.64000015258789,23.63999989827474,23.713557187668513,45.41831632233295,0.10000038146972301,32.275134998335076,20.634963404919706,-57.142876605577115,
2019-01-23,24.2,72690.69,161374.3,6715.3,0.0,2019-01-23,OSP,Food & Beverage,Agro & Food Industry,24.29999923706055,23.70000076293945,23.79999923706055,24.20000076293945,6715200.0,22.346210479736328,23.899999618530273,-0.012474221712675315,23.74000015258789,23.826666768391927,23.875705046092158,50.11328584462586,0.10000038146971946,58.57146645891191,33.98591988780203,-18.181707839373942,
2019-01-24,25.5,76595.56,506743.4,20294.5,0.0,2019-01-24,OSP,Food & Beverage,Agro & Food Industry,25.5,24.29999923706055,24.29999923706055,25.5,20294000.0,23.5466251373291,24.20000076293945,-0.05232578747531673,24.1,24.413333384195962,24.41713669739477,64.3504457415378,1.3999996185302699,91.90479979224524,60.91713374983076,-0.0,
2019-01-25,25.5,76595.56,310735.3,12276.8,0.0,2019-01-25,OSP,Food & Beverage,Agro & Food Industry,25.5,25.0,25.5,25.5,12276600.0,23.5466251373291,25.5,0.0,24.479999923706053,24.88000005086263,24.778091131596515,64.3504457415378,1.1000003814697266,96.66671752929665,82.38099459348462,-0.0,
2019-01-28,25.5,76595.56,263043.9,10306.1,0.0,2019-01-28,OSP,Food & Beverage,Agro & Food Industry,25.75,25.25,25.5,25.5,10306000.0,23.5466251373291,25.5,0.0,24.920000076293945,25.220000076293946,25.018727421064344,64.35044574153781,1.3999996185302699,96.59864051497878,95.05671927884025,-10.204078455063673,
2019-01-29,25.25,75844.56,186610.3,7346.0,0.0,2019-01-29,OSP,Food & Beverage,Agro & Food Industry,25.75,25.0,25.5,25.25,7345900.0,23.315773010253906,25.5,0.00985229644301164,25.190000152587892,25.33000005086263,25.09581828070956,60.28126130158192,1.25,88.46855618842818,93.91130474423456,-20.408156910127346,
2019-01-30,26.0,78097.38,324935.9,12604.5,0.0,2019-01-30,OSP,Food & Beverage,Agro & Food Industry,26.0,25.25,25.5,26.0,12604200.0,24.008323669433594,25.25,-0.029270382300113224,25.55,25.6,25.397212187139708,66.99057698945026,2.2999992370605504,88.46855618842818,91.1785842972784,-0.0,
2019-01-31,26.5,79599.25,501934.9,18929.1,0.0,2019-01-31,OSP,Food & Beverage,Agro & Food Industry,27.0,26.0,26.25,26.5,18928700.0,24.47002029418945,26.0,-0.019048194970694474,25.75,25.916666666666668,25.764808124759806,70.54459585199155,2.7999992370605504,83.53658234011607,86.8245649056575,-13.513510727029612,
2019-02-01,26.75,80350.19,378617.5,14253.3,0.0,2019-02-01,OSP,Food & Beverage,Agro & Food Industry,27.0,26.25,26.5,26.75,14253100.0,24.700868606567386,26.5,-0.009389740349839032,26.0,26.25,26.09320541650654,72.15089442868442,3.14999961853027,87.5,86.50171284284811,-6.756755363514806,
2019-02-04,26.5,79599.25,103177.1,3907.7,0.0,2019-02-04,OSP,Food & Beverage,Agro & Food Industry,26.75,26.0,26.75,26.5,3907700.0,24.47002029418945,26.75,0.009389740349839137,26.2,26.416666666666668,26.22880361100436,68.16794567880481,3.2000007629394496,79.16666666666667,83.40108300226093,-13.513510727029612,
2019-02-05,26.25,78848.31,54287.5,2069.1,0.0,2019-02-05,OSP,Food & Beverage,Agro & Food Industry,26.5,26.0,26.5,26.25,2068900.0,24.23917388916016,26.5,0.009478743954543739,26.4,26.433333333333334,26.235869074002906,64.3612290338167,2.3500003814697266,73.21428571428571,79.96031746031748,-20.270266090544418,
2019-02-06,26.25,78848.31,107046.7,4076.9,0.0,2019-02-06,OSP,Food & Beverage,Agro & Food Industry,26.5,26.0,26.25,26.25,4076700.0,24.23917388916016,26.25,0.0,26.45,26.383333333333333,26.240579382668603,64.3612290338167,2.0499992370605504,52.38095238095238,68.25396825396828,-20.270266090544418,
2019-02-07,25.75,77346.44,426257.4,16107.2,0.0,2019-02-07,OSP,Food & Beverage,Agro & Food Industry,27.0,25.5,26.25,25.75,16106900.0,23.77747344970703,26.25,0.019231361927887592,26.3,26.15,26.077052921779067,57.04713371561165,0.25,32.93650793650794,52.84391534391537,-33.78377681757403,
2019-02-08,25.75,77346.44,210966.5,8230.5,0.0,2019-02-08,OSP,Food & Beverage,Agro & Food Industry,26.0,25.0,25.25,25.75,8230300.0,23.77747344970703,25.75,0.0,26.1,25.966666666666665,25.968035281186044,57.04713371561165,0.25,26.38888888888889,37.23544973544976,-33.78377681757403,
2019-02-11,25.75,77346.44,116935.6,4547.5,0.0,2019-02-11,OSP,Food & Beverage,Agro & Food Industry,26.0,25.5,25.75,25.75,4547500.0,23.77747344970703,25.75,0.0,25.95,25.85,25.895356854124028,57.04713371561165,0.25,30.555555555555557,29.960317460317487,-37.87879663612978,
2019-02-12,25.5,76595.56,113348.8,4425.9,0.0,2019-02-12,OSP,Food & Beverage,Agro & Food Industry,25.75,25.25,25.75,25.5,4425700.0,23.824188232421875,25.75,0.009756174945364656,25.8,25.7,25.763571236082687,53.320712806024005,0.25,33.333333333333336,30.09259259259262,-55.55553985721741,
2019-02-13,26.0,78097.38,131525.9,5069.6,0.0,2019-02-13,OSP,Food & Beverage,Agro & Food Industry,26.25,25.5,25.75,26.0,5069500.0,24.29133033752441,25.5,-0.019418085857101627,25.75,25.766666666666666,25.842380824055123,59.05236839410251,0.0,37.5,33.796296296296326,-50.0,
2019-02-14,26.5,79599.25,121697.9,4627.6,0.0,2019-02-14,OSP,Food & Beverage,Agro & Food Industry,26.5,26.0,26.25,26.5,4627600.0,24.75846862792969,26.0,-0.019048194970694474,25.9,26.016666666666666,26.06158721603675,63.81306876692189,0.0,58.333333333333336,43.05555555555558,-25.0,
2019-02-15,26.75,80350.19,430805.6,16178.0,0.0,2019-02-15,OSP,Food & Beverage,Agro & Food Industry,27.0,26.25,26.5,26.75,16177800.0,24.99203872680664,26.5,-0.009389740349839032,26.1,26.3,26.2910581440245,65.93478097280293,0.0,78.57142857142857,58.13492063492066,-12.5,
2019-02-18,26.5,79599.25,101628.6,3837.9,0.0,2019-02-18,OSP,Food & Beverage,Agro & Food Industry,27.0,26.25,26.75,26.5,3837900.0,24.75846862792969,26.75,0.009389740349839137,26.25,26.433333333333334,26.360705429349668,62.03758009252692,0.0,85.71428571428571,74.20634920634923,-25.0,
2019-02-20,26.5,79599.25,72790.3,2748.5,0.0,2019-02-20,OSP,Food & Beverage,Agro & Food Industry,26.75,26.25,26.5,26.5,2748500.0,24.75846862792969,26.5,0.0,26.45,26.516666666666666,26.40713695289978,62.03758009252694,0.25,74.6031746031746,79.62962962962966,-25.0,
2019-02-21,27.25,81852.06,903262.3,33093.5,0.0,2019-02-21,OSP,Food & Beverage,Agro & Food Industry,27.75,26.5,26.5,27.25,33093400.0,25.45918273925781,26.5,-0.0279087881170765,26.7,26.783333333333335,26.688091301933188,68.45814396537952,1.0,69.84126984126983,76.71957671957675,-18.181818181818183,
2019-02-22,27.5,82603.0,744863.4,27051.6,0.0,2019-02-22,OSP,Food & Beverage,Agro & Food Industry,28.0,27.25,27.25,27.5,27051400.0,25.6927547454834,27.25,-0.009132483563272474,26.9,27.05,26.958727534622124,70.2548515123073,1.75,69.84126984126983,71.42857142857144,-16.666666666666668,
2019-02-25,27.5,82603.0,132259.1,4803.8,0.0,2019-02-25,OSP,Food & Beverage,Agro & Food Industry,27.75,27.5,27.75,27.5,4803700.0,25.6927547454834,27.5,0.0,27.05,27.25,27.139151689748083,70.2548515123073,1.75,71.42857142857142,70.3703703703704,-16.666666666666668,
2019-02-26,27.0,81101.13,251993.5,9251.2,0.0,2019-02-26,OSP,Food & Beverage,Agro & Food Industry,27.5,27.0,27.5,27.0,9251100.0,25.22561073303223,27.5,0.018349138668196617,27.15,27.233333333333334,27.09276779316539,62.12946211611238,1.25,61.9047619047619,67.72486772486774,-33.333333333333336,
2019-02-27,27.25,81852.06,85058.3,3123.2,0.0,2019-02-27,OSP,Food & Beverage,Agro & Food Industry,27.5,27.0,27.0,27.25,3123100.0,25.45918273925781,27.0,-0.009216655104923952,27.3,27.266666666666666,27.145178528776928,64.33896721062663,1.75,54.76190476190476,62.69841269841271,-25.0,
2019-02-28,28.0,84104.88,581171.8,20892.9,2.46,2019-02-28,OSP,Food & Beverage,Agro & Food Industry,28.25,27.25,27.5,28.0,20892600.0,26.159894943237305,27.25,-0.02715098906595086,27.45,27.5,27.43011901918462,69.97049449471213,2.0,57.61904761904762,58.09523809523811,-7.692307692307692,
2019-03-01,28.0,84104.88,366152.9,13098.1,2.46,2019-03-01,OSP,Food & Beverage,Agro & Food Industry,28.25,27.5,28.25,28.0,13097900.0,26.159894943237305,28.0,0.0,27.55,27.683333333333334,27.62007934612308,69.97049449471213,1.5,70.0,60.79365079365081,-8.333333333333334,
2019-03-04,27.5,82603.0,208901.1,7638.5,2.51,2019-03-04,OSP,Food & Beverage,Agro & Food Industry,28.0,26.75,27.75,27.5,7638400.0,25.6927547454834,28.0,0.018018505502678212,27.55,27.666666666666668,27.58005289741539,62.42595620706316,0.75,70.0,65.87301587301589,-25.0,
2019-03-05,27.75,83353.94,151169.8,5499.3,2.49,2019-03-05,OSP,Food & Beverage,Agro & Food Industry,27.75,27.25,27.25,27.75,5499200.0,25.92632102966309,27.5,-0.009049835519917927,27.7,27.733333333333334,27.636701931610258,64.47782908522323,1.25,65.55555555555556,68.51851851851853,-18.181818181818183,
2019-03-06,27.25,81852.06,126283.6,4607.8,2.53,2019-03-06,OSP,Food & Beverage,Agro & Food Industry,27.75,27.0,27.5,27.25,4607500.0,25.45918273925781,27.75,0.01818231908319033,27.7,27.583333333333332,27.507801287740172,57.72313558656062,0.75,50.00000000000001,61.85185185185187,-44.44444444444444,
2019-03-07,27.75,83353.94,88521.4,3228.9,2.49,2019-03-07,OSP,Food & Beverage,Agro & Food Industry,27.75,27.0,27.25,27.75,3228800.0,25.92632102966309,27.25,-0.018182319083190474,27.65,27.6,27.58853419182678,61.989536196803876,0.5,55.555555555555564,57.03703703703706,-25.0,
2019-03-08,27.5,82603.0,98225.3,3562.6,2.51,2019-03-08,OSP,Food & Beverage,Agro & Food Industry,27.75,27.25,27.75,27.5,3562500.0,25.6927547454834,27.75,0.009049835519917856,27.55,27.55,27.559022794551186,58.81014240131888,0.0,53.333333333333336,52.96296296296298,-37.5,
2019-03-11,27.25,81852.06,116733.6,4269.4,2.53,2019-03-11,OSP,Food & Beverage,Agro & Food Industry,27.75,27.0,27.5,27.25,4269300.0,25.45918273925781,27.5,0.009132483563272472,27.5,27.45,27.456015196367456,55.746709337882194,-0.25,53.333333333333336,54.0740740740741,-50.0,
2019-03-12,27.0,81101.13,103399.3,3809.9,2.56,2019-03-12,OSP,Food & Beverage,Agro & Food Industry,27.5,27.0,27.5,27.0,3809800.0,25.22561073303223,27.25,0.009216655104924048,27.35,27.283333333333335,27.30401013091164,52.7998971056647,0.0,31.11111111111111,45.925925925925945,-71.42857142857142,
2019-03-13,27.5,82603.0,182354.6,6796.7,2.51,2019-03-13,OSP,Food & Beverage,Agro & Food Industry,27.5,26.25,27.0,27.5,6796600.0,25.6927547454834,27.0,-0.01834913866819654,27.4,27.333333333333332,27.369340087274427,57.60240083750372,0.25,38.88888888888889,41.11111111111112,-37.5,
2019-03-14,27.25,81852.06,108938.4,3993.0,2.53,2019-03-14,OSP,Food & Beverage,Agro & Food Industry,27.5,27.0,27.5,27.25,3992900.0,25.45918273925781,27.5,0.009132483563272472,27.3,27.283333333333335,27.329560058182953,54.624921091256596,-0.75,50.0,40.00000000000001,-50.0,
2019-03-15,26.75,80350.19,102812.0,3833.4,2.58,2019-03-15,OSP,Food & Beverage,Agro & Food Industry,27.25,26.5,27.25,26.75,3833400.0,24.99203872680664,27.25,0.01851904776723753,27.15,27.1,27.13637337212197,49.17776029192726,-1.25,61.111111111111114,50.00000000000001,-75.0,
2019-03-18,26.0,78097.38,89648.8,3397.8,2.65,2019-03-18,OSP,Food & Beverage,Agro & Food Industry,27.0,26.0,27.0,26.0,3397600.0,24.29133033752441,26.75,0.02843793532053341,26.9,26.716666666666665,26.757582248081313,42.38500331715681,-1.5,33.333333333333336,48.14814814814816,-100.0,
2019-03-19,26.75,80350.19,55993.9,2095.4,2.58,2019-03-19,OSP,Food & Beverage,Agro & Food Industry,27.0,26.0,26.25,26.75,2095200.0,24.99203872680664,26.0,-0.028437935320533514,26.85,26.666666666666668,26.75505483205421,49.81240541250791,-1.0,27.777777777777775,40.740740740740755,-66.66666666666667,
2019-03-20,26.75,80350.19,173385.9,6392.7,2.58,2019-03-20,OSP,Food & Beverage,Agro & Food Industry,27.5,26.75,27.0,26.75,6392600.0,24.99203872680664,26.75,0.0,26.7,26.633333333333333,26.75336988803614,49.81240541250791,-0.5,33.333333333333336,31.481481481481495,-66.66666666666667,
2019-03-21,27.25,81852.06,323674.1,11861.4,2.53,2019-03-21,OSP,Food & Beverage,Agro & Food Industry,27.75,27.0,27.0,27.25,11861300.0,25.45918273925781,26.75,-0.018519047767237527,26.7,26.816666666666666,26.91891325869076,54.31922379568353,-0.5,57.14285714285714,39.417989417989425,-37.5,
2019-03-22,27.25,81852.06,125357.4,4597.0,2.53,2019-03-22,OSP,Food & Beverage,Agro & Food Industry,27.5,27.0,27.25,27.25,4596900.0,25.45918273925781,27.25,0.0,26.8,27.0,27.02927550579384,54.319223795683534,-0.25,64.28571428571428,51.587301587301596,-28.57142857142857,
2019-03-25,26.75,80350.19,70064.3,2603.0,2.58,2019-03-25,OSP,Food & Beverage,Agro & Food Industry,27.25,26.5,27.0,26.75,2602800.0,24.99203872680664,27.25,0.01851904776723753,26.95,26.983333333333334,26.93618367052923,49.242959040951334,-0.5,61.9047619047619,61.111111111111114,-57.14285714285714,
2019-03-26,26.5,79599.25,193676.4,7299.6,2.6,2019-03-26,OSP,Food & Beverage,Agro & Food Industry,27.0,26.25,26.5,26.5,7299500.0,24.75846862792969,26.75,0.009389740349839137,26.9,26.833333333333332,26.790789113686152,46.89520613712537,-0.5,43.650793650793645,56.613756613756614,-71.42857142857142,
2019-03-27,26.5,79599.25,99538.0,3755.9,2.6,2019-03-27,OSP,Food & Beverage,Agro & Food Industry,26.75,26.25,26.75,26.5,3755800.0,24.75846862792969,26.5,0.0,26.85,26.7,26.6938594091241,46.89520613712537,-1.0,25.396825396825395,43.65079365079365,-71.42857142857142,
2019-03-28,27.25,81852.06,194251.3,7178.9,2.53,2019-03-28,OSP,Food & Beverage,Agro & Food Industry,27.5,26.25,26.75,27.25,7178800.0,25.45918273925781,26.5,-0.0279087881170765,26.85,26.833333333333332,26.879239606082734,54.3849075629476,0.0,37.77777777777778,35.608465608465615,-28.57142857142857,
2019-03-29,27.5,82603.0,141036.6,5139.5,2.51,2019-03-29,OSP,Food & Beverage,Agro & Food Industry,27.75,27.25,27.25,27.5,5139500.0,25.6927547454834,27.25,-0.009132483563272474,26.9,27.05,27.08615973738849,56.57236171027098,0.75,60.0,41.058201058201064,-14.285714285714285,
2019-04-01,27.0,81101.13,72087.2,2645.3,2.56,2019-04-01,OSP,Food & Beverage,Agro & Food Industry,27.75,27.0,27.5,27.0,2645100.0,25.22561073303223,27.5,0.018349138668196617,26.95,27.083333333333332,27.05743982492566,51.30070686941875,1.0,71.11111111111111,56.296296296296305,-42.857142857142854,
2019-04-02,27.5,82603.0,135055.0,4915.2,2.51,2019-04-02,OSP,Food & Beverage,Agro & Food Industry,27.75,27.0,27.5,27.5,4915100.0,25.6927547454834,27.0,-0.01834913866819654,27.15,27.266666666666666,27.204959883283774,55.72148693661872,0.75,72.22222222222223,67.77777777777779,-14.285714285714285,
2019-04-03,27.75,83353.94,202555.7,7298.8,2.49,2019-04-03,OSP,Food & Beverage,Agro & Food Industry,28.0,27.5,27.5,27.75,7298400.0,25.92632102966309,27.5,-0.009049835519917927,27.4,27.466666666666665,27.386639922189183,57.774917340375985,1.0,73.01587301587301,72.11640211640213,-12.5,
2019-04-04,28.75,86357.69,881345.7,30921.3,2.4,2019-04-04,OSP,Food & Beverage,Agro & Food Industry,29.0,27.75,27.75,28.75,30920800.0,26.8606071472168,27.75,-0.03540192705091595,27.7,27.916666666666668,27.841093281459454,64.77578002098049,1.5,85.51587301587301,76.91798941798943,-8.333333333333334,
2019-04-05,28.75,86357.69,186570.3,6475.4,2.4,2019-04-05,OSP,Food & Beverage,Agro & Food Industry,29.0,28.5,28.75,28.75,6475000.0,26.8606071472168,28.75,0.0,27.95,28.266666666666666,28.144062187639637,64.77578002098049,1.5,86.90476190476188,81.81216931216932,-8.333333333333334,
2019-04-09,29.0,87108.63,431626.3,14833.2,2.38,2019-04-09,OSP,Food & Beverage,Agro & Food Industry,29.5,28.5,28.5,29.0,14832900.0,27.09417533874512,28.75,-0.008658062743114541,28.35,28.616666666666667,28.42937479175976,66.37570877879384,2.25,84.99999999999999,85.80687830687832,-15.384615384615383,
2019-04-10,29.0,87108.63,245132.4,8437.9,2.38,2019-04-10,OSP,Food & Beverage,Agro & Food Industry,29.25,28.75,28.75,29.0,8437700.0,27.09417533874512,29.0,0.0,28.65,28.833333333333332,28.619583194506507,66.37570877879384,2.5,80.83333333333331,84.24603174603175,-15.384615384615383,
2019-04-11,29.25,87859.56,221031.3,7569.6,2.36,2019-04-11,OSP,Food & Beverage,Agro & Food Industry,29.5,29.0,29.0,29.25,7569300.0,27.327747344970703,29.0,-0.008583743691391442,28.95,29.033333333333335,28.829722129671005,68.04205248654135,2.75,80.23809523809523,82.02380952380953,-7.692307692307692,
2019-04-12,29.5,88610.5,136875.9,4665.7,2.34,2019-04-12,OSP,Food & Beverage,Agro & Food Industry,29.5,29.0,29.25,29.5,4665600.0,27.561317443847656,29.25,-0.00851068966790862,29.1,29.216666666666665,29.053148086447337,69.65338413812067,2.25,86.90476190476188,82.65873015873017,-0.0,
2019-04-17,29.25,87859.56,274849.9,9345.9,2.36,2019-04-17,OSP,Food & Beverage,Agro & Food Industry,29.5,29.0,29.5,29.25,9345700.0,27.327747344970703,29.5,0.00851068966790861,29.2,29.266666666666666,29.118765390964892,66.08343606797317,1.75,86.90476190476188,84.68253968253968,-7.692307692307692,
2019-04-18,29.25,87859.56,581283.8,19850.4,2.36,2019-04-18,OSP,Food & Beverage,Agro & Food Industry,29.75,29.0,29.25,29.25,19850300.0,27.327747344970703,29.25,0.0,29.25,29.283333333333335,29.162510260643263,66.08343606797318,2.25,74.99999999999999,82.93650793650794,-14.285714285714285,
2019-04-19,28.5,85606.75,274355.2,9546.4,2.42,2019-04-19,OSP,Food & Beverage,Agro & Food Industry,29.5,28.25,29.25,28.5,9546200.0,26.627037048339844,29.25,0.025975486403260736,29.15,29.033333333333335,28.94167350709551,56.16907656795889,1.0,47.2222222222222,69.70899470899471,-35.71428571428571,
2019-04-22,28.5,85606.75,203188.3,7121.8,2.42,2019-04-22,OSP,Food & Beverage,Agro & Food Industry,28.75,28.25,28.75,28.5,7121700.0,26.627037048339844,28.5,0.0,29.0,28.816666666666666,28.79444900473034,56.16907656795889,0.75,27.777777777777757,50.0,-45.45454545454545,
2019-04-23,29.0,87108.63,347361.4,11888.8,2.38,2019-04-23,OSP,Food & Beverage,Agro & Food Industry,29.5,28.5,28.5,29.0,11888500.0,27.09417533874512,28.5,-0.01739174271186922,28.9,28.816666666666666,28.86296600315356,60.68331157877699,0.25,27.777777777777757,34.25925925925926,-27.272727272727273,
2019-04-24,29.5,88610.5,322812.8,10974.0,2.34,2019-04-24,OSP,Food & Beverage,Agro & Food Industry,29.75,29.0,29.25,29.5,10973900.0,27.561317443847656,29.0,-0.017094433359300068,28.95,29.016666666666666,29.07531066876904,64.5906799347165,0.75,49.99999999999998,35.18518518518518,-9.090909090909092,
2019-04-25,30.0,90112.38,736306.7,24641.1,2.3,2019-04-25,OSP,Food & Beverage,Agro & Food Industry,30.25,29.5,29.75,30.0,24640500.0,28.028459548950195,29.5,-0.01680711831638129,29.1,29.366666666666667,29.383540445846027,67.99824703116269,1.0,73.6111111111111,50.46296296296296,-9.090909090909092,
2019-04-26,30.75,92365.19,743316.0,24379.3,2.24,2019-04-26,OSP,Food & Beverage,Agro & Food Industry,31.0,29.75,30.0,30.75,24378700.0,28.72916984558105,30.0,-0.02469261259037152,29.55,29.916666666666668,29.83902696389735,72.2847242071249,1.75,87.24747474747473,70.28619528619528,-7.692307692307692,
2019-04-29,30.75,92365.19,478505.6,15545.1,2.24,2019-04-29,OSP,Food & Beverage,Agro & Food Industry,31.0,30.25,30.5,30.75,15544800.0,28.72916984558105,30.75,0.0,30.0,30.316666666666666,30.142684642598233,72.28472420712491,1.5,89.46969696969695,83.44276094276096,-9.090909090909092,
2019-04-30,30.75,92365.19,180327.9,5903.6,2.24,2019-04-30,OSP,Food & Beverage,Agro & Food Industry,30.75,30.25,30.5,30.75,5903200.0,29.09821891784668,30.75,0.0,30.35,30.566666666666666,30.34512309506549,72.28472420712491,1.25,89.46969696969695,88.72895622895624,-9.090909090909092,
2019-05-02,31.25,93867.06,331398.9,10616.0,2.21,2019-05-02,OSP,Food & Beverage,Agro & Food Industry,31.5,30.75,30.75,31.25,10615600.0,29.57136154174805,30.75,-0.016129381929883644,30.7,30.866666666666667,30.646748730043658,75.02748220143565,2.0,88.33333333333333,89.09090909090911,-7.692307692307692,
2019-05-03,32.75,98372.69,362164.1,11402.3,2.11,2019-05-03,OSP,Food & Beverage,Agro & Food Industry,32.75,31.0,31.25,32.75,11401900.0,30.990785598754886,31.25,-0.04688358589885038,31.25,31.55,31.347832486695772,81.05404055858256,3.5,91.66666666666667,89.82323232323235,-0.0,
2019-05-07,33.5,100625.5,819954.5,24632.6,2.06,2019-05-07,OSP,Food & Beverage,Agro & Food Industry,34.25,32.0,32.0,33.5,24631800.0,31.70050048828125,32.75,-0.022642476749759777,31.8,32.3,32.06522165779718,83.22301387008969,5.0,89.58333333333333,89.86111111111114,-12.5,
2019-05-08,32.25,96870.81,891815.5,27596.3,2.14,2019-05-08,OSP,Food & Beverage,Agro & Food Industry,33.75,31.5,33.5,32.25,27595700.0,30.51764488220215,33.5,0.03802739558923932,32.1,32.45,32.126814438531454,69.0972932355084,3.75,77.08333333333333,86.11111111111114,-33.333333333333336,
2019-05-09,32.25,96870.81,332360.1,10294.5,2.14,2019-05-09,OSP,Food & Beverage,Agro & Food Industry,32.75,31.75,32.25,32.25,10294300.0,30.51764488220215,32.25,0.0,32.4,32.5,32.1678762923543,69.0972932355084,3.25,58.035714285714285,74.90079365079367,-33.333333333333336,
2019-05-10,32.5,97621.75,411075.1,12795.4,2.12,2019-05-10,OSP,Food & Beverage,Agro & Food Industry,32.75,31.25,32.5,32.5,12795100.0,30.75421524047852,32.25,-0.007722046093910278,32.65,32.53333333333333,32.27858419490287,70.25638383570347,3.0,46.33699633699634,60.48534798534802,-29.166666666666668,
2019-05-13,32.25,96870.81,177849.0,5506.6,2.14,2019-05-13,OSP,Food & Beverage,Agro & Food Industry,32.75,32.0,32.5,32.25,5506400.0,30.51764488220215,32.5,0.0077220460939103185,32.55,32.4,32.269056129935244,67.54207965863696,2.25,40.781440781440786,48.38471713471717,-33.333333333333336,
2019-05-14,31.5,94618.0,301590.9,9490.6,2.19,2019-05-14,OSP,Food & Beverage,Agro & Food Industry,32.25,31.5,32.0,31.5,9490500.0,29.80793190002441,32.25,0.023530497410194036,32.15,32.05,32.01270408662349,60.0811119182945,0.75,29.829059829059833,38.982498982499024,-47.826086956521735,
2019-05-15,31.25,93867.06,431280.5,13728.3,2.21,2019-05-15,OSP,Food & Beverage,Agro & Food Industry,32.0,30.75,31.75,31.25,13727600.0,29.57136154174805,31.5,0.007968169649176881,31.95,31.75,31.75846939108233,57.80078841016157,0.5,22.777777777777782,31.129426129426175,-57.142857142857146,
2019-05-16,32.0,96119.88,521126.2,16835.7,2.16,2019-05-16,OSP,Food & Beverage,Agro & Food Industry,32.0,30.0,31.25,32.0,16835200.0,30.28107261657715,31.25,-0.023716526617316044,31.9,31.766666666666666,31.838979594054887,62.38913581923807,1.25,35.909090909090914,29.50530950530955,-47.368421052631575,
2019-05-17,31.75,95368.94,405657.6,12825.4,2.17,2019-05-17,OSP,Food & Beverage,Agro & Food Industry,32.25,31.0,31.75,31.75,12825200.0,30.04450225830078,32.0,0.007843177461025879,31.75,31.716666666666665,31.809319729369925,60.056980771301184,0.5,53.78787878787879,37.491582491582534,-55.55555555555556,
2019-05-21,33.25,99874.56,329735.1,10110.2,2.08,2019-05-21,OSP,Food & Beverage,Agro & Food Industry,33.25,31.5,31.75,33.25,10109900.0,31.46392822265625,31.75,-0.04616204176316249,31.95,32.21666666666667,32.289546486246614,67.79581058610601,0.5,78.7878787878788,56.1616161616162,-23.52941176470588,
2019-05-22,33.0,99123.63,462788.3,13777.7,2.09,2019-05-22,OSP,Food & Beverage,Agro & Food Industry,34.25,33.0,33.5,33.0,13777400.0,31.227357864379886,33.25,0.007547205635382904,32.25,32.56666666666667,32.52636432416441,65.52867362553117,-0.5,78.07486631016042,70.21687462863937,-29.41176470588235,
2019-05-23,32.25,96870.81,492863.6,15100.2,2.14,2019-05-23,OSP,Food & Beverage,Agro & Food Industry,33.25,32.25,32.75,32.25,15100000.0,30.51764488220215,33.0,0.02298951822469878,32.45,32.56666666666667,32.434242882776275,59.16875169602698,0.0,74.50980392156862,77.12418300653599,-47.05882352941176,
2019-05-24,33.0,99123.63,518518.9,15783.0,2.09,2019-05-24,OSP,Food & Beverage,Agro & Food Industry,33.5,32.25,32.25,33.0,15782800.0,31.227357864379886,32.25,-0.02298951822469872,32.65,32.75,32.622828588517514,63.01477487301139,0.75,61.6892911010558,71.42465377759498,-29.41176470588235,
2019-05-27,34.0,102127.4,709599.7,21218.2,2.03,2019-05-27,OSP,Food & Beverage,Agro & Food Industry,34.25,32.5,33.25,34.0,21217900.0,32.173641204833984,33.0,-0.02985296314968116,33.1,33.2,33.08188572567834,67.4013076503074,1.5,68.46290963938021,68.22066822066824,-5.88235294117647,
2019-05-28,33.5,100625.5,299590.3,8872.1,2.06,2019-05-28,OSP,Food & Beverage,Agro & Food Industry,34.25,33.5,34.25,33.5,8872000.0,31.70050048828125,34.0,0.014815085785140682,33.15,33.333333333333336,33.221257150452224,63.37467435085213,1.25,71.64918414918414,67.26712829654008,-17.64705882352941,
2019-05-29,33.25,99874.56,270823.6,8084.0,2.08,2019-05-29,OSP,Food & Beverage,Agro & Food Industry,34.0,33.25,33.5,33.25,8084000.0,31.46392822265625,33.5,0.007490671729157659,33.2,33.36666666666667,33.23083810030148,61.40931820227649,1.75,67.8030303030303,69.30504136386492,-23.52941176470588,
2019-05-30,33.25,99874.56,170448.7,5105.1,2.08,2019-05-30,OSP,Food & Beverage,Agro & Food Industry,33.75,33.0,33.25,33.25,5104900.0,31.46392822265625,33.25,0.0,33.4,33.38333333333333,33.23722540020099,61.40931820227649,2.0,54.16666666666666,64.53962703962706,-23.52941176470588,
2019-05-31,33.0,99123.63,189365.2,5713.4,2.09,2019-05-31,OSP,Food & Beverage,Agro & Food Industry,33.5,33.0,33.25,33.0,5713300.0,31.227357864379886,33.25,0.007547205635382904,33.4,33.25,33.15815026680066,59.298289520500944,1.0,42.857142857142854,54.942279942279974,-29.41176470588235,
2019-06-04,34.5,103629.3,654942.6,19170.2,2.0,2019-06-04,OSP,Food & Beverage,Agro & Food Industry,35.0,32.75,33.0,34.5,19169900.0,32.64678192138672,33.0,-0.04445176257083381,33.5,33.61666666666667,33.60543351120044,66.66501652671596,2.75,52.11640211640211,49.71340388007058,-10.0,
2019-06-05,35.5,106633.0,874822.8,25039.0,1.94,2019-06-05,OSP,Food & Beverage,Agro & Food Industry,35.75,34.25,34.75,35.5,25038500.0,33.593067169189446,34.5,-0.028573372444056,33.9,34.28333333333333,34.236955674133625,70.481225926357,2.25,66.005291005291,53.65961199294535,-4.3478260869565215,
2019-06-06,35.25,105882.1,714937.1,19969.8,1.96,2019-06-06,OSP,Food & Beverage,Agro & Food Industry,36.75,35.0,35.5,35.25,19969100.0,33.356491088867195,35.5,0.007067167223092353,34.3,34.733333333333334,34.574637116089086,68.38426017409542,2.25,77.31481481481482,65.14550264550267,-22.22222222222222,
2019-06-07,34.75,104380.2,398784.9,11378.7,1.99,2019-06-07,OSP,Food & Beverage,Agro & Food Industry,35.75,34.75,35.25,34.75,11378200.0,32.88335418701172,35.25,0.014285957247476434,34.6,34.88333333333333,34.63309141072606,64.28575173232953,2.5,68.05555555555556,70.45855379188716,-34.78260869565217,
2019-06-10,35.0,105131.1,778004.3,22105.7,1.97,2019-06-10,OSP,Food & Beverage,Agro & Food Industry,35.75,34.5,35.0,35.0,22105600.0,33.119922637939446,34.75,-0.007168489478612516,35.0,35.016666666666666,34.75539427381737,65.39676590652473,2.0,56.25,67.20679012345683,-33.333333333333336,
2019-06-11,34.5,103629.3,528136.9,15211.6,2.0,2019-06-11,OSP,Food & Beverage,Agro & Food Industry,35.25,34.5,35.25,34.5,15211500.0,32.64678192138672,35.0,0.01438873745209967,35.0,34.85,34.67026284921158,61.309798324015965,0.5,38.75,54.35185185185188,-50.0,
2019-06-12,34.75,104380.2,443208.7,12795.2,1.99,2019-06-12,OSP,Food & Beverage,Agro & Food Industry,35.25,34.0,34.5,34.75,12795100.0,32.88335418701172,34.5,-0.00722024797348702,34.85,34.766666666666666,34.696841899474386,62.56316257274494,1.25,31.174242424242426,42.05808080808084,-44.44444444444444,
2019-06-13,34.5,103629.3,318865.5,9175.4,2.0,2019-06-13,OSP,Food & Beverage,Agro & Food Industry,35.25,34.5,34.75,34.5,9175200.0,32.64678192138672,34.75,0.007220247973487097,34.7,34.65,34.631227932982924,60.464512231651625,1.25,21.94805194805195,30.624098124098158,-50.0,
2019-06-14,34.5,103629.3,364192.1,10573.4,2.0,2019-06-14,OSP,Food & Beverage,Agro & Food Industry,34.75,34.0,34.5,34.5,10573100.0,32.64678192138672,34.5,0.0,34.65,34.583333333333336,34.58748528865528,60.464512231651625,1.25,28.13852813852814,27.086940836940872,-52.94117647058823,
2019-06-17,34.25,102878.3,375904.0,10860.3,2.01,2019-06-17,OSP,Food & Beverage,Agro & Food Industry,35.0,34.25,34.5,34.25,10860200.0,32.41020965576172,34.5,0.007272759329079878,34.5,34.45,34.474990192436856,58.222496467165996,1.25,25.71428571428571,25.266955266955303,-62.5,
2019-06-18,35.0,105131.1,430795.8,12463.6,1.97,2019-06-18,OSP,Food & Beverage,Agro & Food Industry,35.0,34.0,34.25,35.0,12463600.0,33.119922637939446,34.25,-0.02166149678117942,34.6,34.61666666666667,34.64999346162457,62.67150342675979,0.5,42.857142857142854,32.23665223665227,-43.75,
2019-06-19,35.25,105882.1,1022559.0,28920.0,1.96,2019-06-19,OSP,Food & Beverage,Agro & Food Industry,36.0,34.75,35.5,35.25,28919400.0,33.356491088867195,35.0,-0.0071174677688639896,34.7,34.833333333333336,34.84999564108305,64.03920653810027,-0.25,54.166666666666664,40.91269841269844,-37.5,
2019-06-20,35.0,105131.1,350229.9,9990.5,1.97,2019-06-20,OSP,Food & Beverage,Agro & Food Industry,35.5,34.75,35.25,35.0,9990300.0,33.119922637939446,35.25,0.007117467768863955,34.8,34.93333333333333,34.899997094055365,61.62019667258441,-0.25,64.16666666666667,53.73015873015876,-43.75,
2019-06-21,35.0,105131.1,1531519.0,43790.8,1.97,2019-06-21,OSP,Food & Beverage,Agro & Food Industry,35.5,34.5,35.25,35.0,43790400.0,33.119922637939446,35.0,0.0,34.9,35.0,34.93333139603691,61.62019667258443,0.25,54.166666666666664,57.50000000000003,-43.75,
2019-06-24,34.0,102127.4,1046637.0,30784.0,2.03,2019-06-24,OSP,Food & Beverage,Agro & Food Industry,35.25,33.25,35.25,34.0,30783500.0,32.173641204833984,35.0,0.028987536873252187,34.85,34.7,34.62222093069128,52.51192323724621,-1.0,42.42424242424243,53.585858585858624,-78.57142857142857,
2019-06-25,34.0,102127.4,222537.7,6573.6,2.03,2019-06-25,OSP,Food & Beverage,Agro & Food Industry,34.25,33.5,34.0,34.0,6573400.0,32.173641204833984,34.0,0.0,34.65,34.416666666666664,34.41481395379419,52.511923237246215,-0.5,34.84848484848485,43.81313131313135,-78.57142857142857,
2019-06-26,34.5,103629.3,270479.6,7911.2,2.0,2019-06-26,OSP,Food & Beverage,Agro & Food Industry,34.5,33.75,33.75,34.5,7911000.0,32.64678192138672,34.0,-0.014598799421152636,34.5,34.36666666666667,34.44320930252946,56.225801262945296,-0.25,36.700336700336706,37.9910213243547,-54.54545454545455,
2019-06-27,34.25,102878.3,359526.1,10503.4,2.01,2019-06-27,OSP,Food & Beverage,Agro & Food Industry,34.75,33.75,34.5,34.25,10503100.0,32.41020965576172,34.5,0.007272759329079878,34.35,34.28333333333333,34.37880620168631,53.96486970662872,-0.25,42.42424242424243,37.991021324354705,-63.63636363636363,
2019-06-28,34.75,104380.2,1457866.0,41597.6,1.99,2019-06-28,OSP,Food & Beverage,Agro & Food Industry,35.5,34.25,34.25,34.75,41597000.0,32.88335418701172,34.25,-0.014493007302566864,34.3,34.416666666666664,34.50253746779087,57.6169257717848,0.25,55.555555555555564,44.89337822671161,-45.45454545454545,
2019-07-01,34.25,102878.3,831350.6,24287.6,2.01,2019-07-01,OSP,Food & Beverage,Agro & Food Industry,34.75,33.75,34.75,34.25,24287400.0,32.41020965576172,34.75,0.014493007302566824,34.35,34.4,34.41835831186058,53.10323060549966,0.0,49.537037037037045,49.17227833894506,-63.63636363636363,
2019-07-02,34.0,102127.4,435012.2,12643.1,2.03,2019-07-02,OSP,Food & Beverage,Agro & Food Industry,34.75,34.0,34.5,34.0,12642900.0,32.173641204833984,34.25,0.007326040092072881,34.35,34.28333333333333,34.278905541240384,50.96437212910706,-1.0,39.484126984126995,48.19223985890658,-72.72727272727273,
2019-07-03,34.25,102878.3,338785.8,9865.5,2.01,2019-07-03,OSP,Food & Beverage,Agro & Food Industry,34.75,34.0,34.25,34.25,9865100.0,32.41020965576172,34.0,-0.007326040092072898,34.3,34.25,34.26927036082692,52.992930492559054,-1.0,26.785714285714295,38.60229276895949,-63.63636363636363,
2019-07-04,33.75,101376.4,522826.4,15291.4,2.04,2019-07-04,OSP,Food & Beverage,Agro & Food Industry,34.75,33.5,34.25,33.75,15291100.0,31.937068939208984,34.25,0.014706147389695487,34.2,34.06666666666667,34.096180240551284,48.677745291810254,-1.25,18.452380952380963,28.24074074074079,-81.81818181818181,
2019-07-05,35.5,106633.0,582524.1,16736.1,1.94,2019-07-05,OSP,Food & Beverage,Agro & Food Industry,35.5,33.75,34.0,35.5,16735900.0,33.593067169189446,33.75,-0.05055227916283133,34.35,34.5,34.56412016036752,60.68346091475174,0.5,47.02380952380954,30.753968253968306,-18.181818181818183,
2019-07-08,35.5,106633.0,515625.8,14531.0,1.94,2019-07-08,OSP,Food & Beverage,Agro & Food Industry,35.75,35.0,35.25,35.5,14530600.0,33.593067169189446,35.5,0.0,34.6,34.88333333333333,34.87608010691168,60.68346091475174,1.5,67.12962962962963,44.201940035273424,-18.181818181818183,
2019-07-09,34.5,103629.3,317573.1,9036.2,2.0,2019-07-09,OSP,Food & Beverage,Agro & Food Industry,35.5,34.5,35.25,34.5,9036000.0,32.64678192138672,35.5,0.028573372444055948,34.7,34.85,34.75072007127445,52.61033397615268,0.5,77.77777777777779,63.977072310405696,-50.0,
2019-07-10,35.75,107383.9,727956.4,20507.1,1.93,2019-07-10,OSP,Food & Beverage,Agro & Food Industry,36.0,34.5,34.5,35.75,20506800.0,33.829635620117195,34.5,-0.03559094510270263,35.0,35.2,35.083813380849634,59.77702757439183,1.25,74.44444444444446,73.11728395061733,-9.090909090909092,
2019-07-11,36.75,110387.7,1019193.0,28253.7,1.88,2019-07-11,OSP,Food & Beverage,Agro & Food Industry,36.75,35.5,35.75,36.75,28253400.0,34.77592086791992,35.75,-0.027587956518829053,35.6,35.78333333333333,35.639208920566425,64.39262909704004,2.5,78.14814814814817,76.79012345679017,-0.0,
2019-07-12,36.5,109636.8,590123.9,16110.7,1.89,2019-07-12,OSP,Food & Beverage,Agro & Food Industry,37.25,36.0,36.75,36.5,16110100.0,34.53934860229492,36.75,0.006825965070399891,35.8,36.083333333333336,35.92613928037762,62.47243207308094,1.75,87.5757575757576,80.05611672278344,-20.0,
2019-07-15,35.75,107383.9,294596.5,8184.9,1.93,2019-07-15,OSP,Food & Beverage,Agro & Food Industry,36.5,35.5,36.25,35.75,8184600.0,33.829635620117195,36.5,0.020761991448429225,35.85,36.06666666666667,35.867426186918415,57.008173529245845,1.5,72.72727272727275,79.48372615039288,-40.0,
2019-07-17,35.75,107383.9,443907.6,12368.2,1.93,2019-07-17,OSP,Food & Beverage,Agro & Food Industry,36.25,35.5,35.5,35.75,12368000.0,33.829635620117195,35.75,0.0,36.1,36.03333333333333,35.828284124612274,57.008173529245845,1.75,54.54545454545456,71.61616161616168,-40.0,
2019-07-18,35.0,105131.1,470759.7,13430.7,1.97,2019-07-18,OSP,Food & Beverage,Agro & Food Industry,35.75,34.5,35.5,35.0,13430400.0,33.119922637939446,35.75,0.021202207650602906,35.95,35.666666666666664,35.55218941640818,51.80638642268476,0.75,36.36363636363638,54.54545454545461,-60.0,
2019-07-19,35.75,107383.9,410274.2,11571.8,1.93,2019-07-19,OSP,Food & Beverage,Agro & Food Industry,35.75,35.0,35.25,35.75,11571700.0,33.829635620117195,35.0,-0.021202207650602937,35.75,35.6,35.618126277605455,56.0983813788978,2.0,36.36363636363638,42.424242424242486,-40.0,
2019-07-22,35.0,105131.1,340348.6,9723.7,1.97,2019-07-22,OSP,Food & Beverage,Agro & Food Industry,35.5,34.5,35.5,35.0,9723500.0,33.119922637939446,35.75,0.021202207650602906,35.45,35.35,35.412084185070306,51.211822184242216,-0.5,29.54545454545456,34.09090909090915,-60.0,
2019-07-23,35.25,105882.1,240495.9,6845.2,1.96,2019-07-23,OSP,Food & Beverage,Agro & Food Industry,35.5,34.75,35.0,35.25,6845100.0,33.356491088867195,35.0,-0.0071174677688639896,35.35,35.28333333333333,35.3580561233802,52.683811163574305,-0.25,37.77056277056278,34.559884559884615,-53.333333333333336,
2019-07-24,36.25,108885.8,645509.4,17990.0,1.9,2019-07-24,OSP,Food & Beverage,Agro & Food Industry,36.5,35.25,35.25,36.25,17989600.0,34.302780151367195,35.25,-0.02797385204240618,35.45,35.583333333333336,35.655370748920134,58.10147340624457,1.75,51.7857142857143,39.700577200577264,-26.666666666666668,
2019-07-25,36.75,110387.7,865515.3,23492.1,1.88,2019-07-25,OSP,Food & Beverage,Agro & Food Industry,37.5,36.0,36.25,36.75,23491600.0,34.77592086791992,36.25,-0.013698844358161915,35.8,36.016666666666666,36.020247165946756,60.52294902064268,1.0,68.45238095238096,52.66955266955273,-20.0,
2019-07-26,37.25,111889.6,346217.6,9382.3,1.85,2019-07-26,OSP,Food & Beverage,Agro & Food Industry,37.25,36.5,36.5,37.25,9382000.0,35.24906539916992,36.75,-0.01351371916672282,36.1,36.5,36.43016477729784,62.82490322864275,0.5,84.72222222222223,68.32010582010588,-8.333333333333334,
2019-07-30,36.25,108885.8,445096.6,12169.4,1.9,2019-07-30,OSP,Food & Beverage,Agro & Food Industry,37.25,36.25,37.25,36.25,12169200.0,34.302780151367195,37.25,0.027212563524884794,36.35,36.55,36.37010985153189,55.84671287100228,-0.25,73.73737373737374,75.6373256373257,-41.66666666666667,
2019-07-31,36.75,110387.7,287040.8,7832.6,1.88,2019-07-31,OSP,Food & Beverage,Agro & Food Industry,37.0,36.25,36.25,36.75,7832500.0,34.77592086791992,36.25,-0.013698844358161915,36.65,36.68333333333333,36.496739901021265,58.32644496029624,1.0,70.95959595959597,76.47306397306403,-25.0,
2019-08-01,36.0,108134.9,526984.6,14637.9,1.92,2019-08-01,OSP,Food & Beverage,Agro & Food Industry,36.5,35.5,36.25,36.0,14637400.0,34.066207885742195,36.75,0.02061928720273561,36.6,36.46666666666667,36.331159934014174,53.497730123621544,0.25,48.73737373737375,64.47811447811453,-50.0,
2019-08-02,35.25,105882.1,930496.1,26480.6,1.96,2019-08-02,OSP,Food & Beverage,Agro & Food Industry,35.5,34.5,35.25,35.25,26479400.0,33.356491088867195,36.0,0.021053409197832263,36.3,36.016666666666666,35.97077328934278,49.1390404743553,0.25,39.64646464646466,53.114478114478175,-75.0,
2019-08-05,35.0,105131.1,212437.1,6043.7,1.97,2019-08-05,OSP,Food & Beverage,Agro & Food Industry,35.5,34.75,34.75,35.0,6043500.0,33.119922637939446,35.25,0.007117467768863955,35.85,35.583333333333336,35.64718219289519,47.74962377504778,-0.75,23.484848484848495,37.28956228956235,-83.33333333333334,
2019-08-06,35.0,105131.1,244629.9,7007.5,1.97,2019-08-06,OSP,Food & Beverage,Agro & Food Industry,35.5,34.25,34.5,35.0,7007400.0,33.119922637939446,35.0,0.0,35.6,35.3,35.431454795263456,47.74962377504777,0.0,24.24242424242425,29.124579124579185,-76.92307692307692,
2019-08-07,35.25,105882.1,392726.9,11106.0,1.96,2019-08-07,OSP,Food & Beverage,Agro & Food Industry,35.75,35.0,35.0,35.25,11105900.0,33.356491088867195,35.0,-0.0071174677688639896,35.3,35.18333333333333,35.37096986350897,49.39228870854451,0.0,29.966329966329976,25.89786756453429,-69.23076923076923,
2019-08-08,34.75,104380.2,179657.8,5133.9,1.99,2019-08-08,OSP,Food & Beverage,Agro & Food Industry,35.5,34.75,35.5,34.75,5133500.0,32.88335418701172,35.25,0.014285957247476434,35.05,35.0,35.16397990900598,46.274850811210136,-1.5,35.016835016835024,29.741863075196466,-84.61538461538461,
2019-08-09,34.75,104380.2,209835.3,6007.7,1.99,2019-08-09,OSP,Food & Beverage,Agro & Food Industry,35.25,34.75,35.0,34.75,6007600.0,32.88335418701172,34.75,0.0,34.95,34.9,35.02598660600399,46.274850811210136,-2.0,37.037037037037045,34.006734006734064,-84.61538461538461,
2019-08-13,34.0,102127.4,196484.7,5721.9,2.03,2019-08-13,OSP,Food & Beverage,Agro & Food Industry,35.0,34.0,35.0,34.0,5721600.0,32.173641204833984,34.75,0.021819047394639673,34.75,34.583333333333336,34.68399107066933,41.73862652333876,-3.25,22.222222222222232,31.425364758698148,-99.99999999999999,
2019-08-14,33.25,99874.56,965338.9,29438.2,2.53,2019-08-14,OSP,Food & Beverage,Agro & Food Industry,34.5,31.75,34.25,33.25,29437100.0,31.46392822265625,34.0,0.022305757514298186,34.4,34.083333333333336,34.20599404711289,37.77149259230216,-3.0,23.611111111111125,27.623456790123512,-73.91304347826086,
2019-08-15,34.75,104380.2,511703.8,14824.3,2.42,2019-08-15,OSP,Food & Beverage,Agro & Food Industry,35.25,33.25,33.25,34.75,14823900.0,32.88335418701172,33.25,-0.04412480490893794,34.3,34.2,34.38732936474192,48.30112118025829,-2.0,39.16666666666668,28.33333333333339,-47.826086956521735,
2019-08-16,36.75,110387.7,1510565.0,41308.1,2.29,2019-08-16,OSP,Food & Beverage,Agro & Food Industry,37.5,35.5,35.5,36.75,41307300.0,34.77592086791992,34.75,-0.05595865364804449,34.7,35.016666666666666,35.17488624316128,58.36535082319183,0.75,68.15217391304348,43.643317230273816,-13.043478260869565,
2019-08-19,36.75,110387.7,412241.1,11178.1,2.29,2019-08-19,OSP,Food & Beverage,Agro & Food Industry,37.0,36.75,37.0,36.75,11177900.0,34.77592086791992,36.75,0.0,35.1,35.7,35.69992416210752,58.36535082319184,1.5,84.6376811594203,63.98550724637687,-13.043478260869565,
2019-08-20,36.75,110387.7,364812.0,9944.6,2.29,2019-08-20,OSP,Food & Beverage,Agro & Food Industry,37.0,36.25,37.0,36.75,9944400.0,34.77592086791992,36.75,0.0,35.65,36.25,36.04994944140501,58.365350823191854,1.75,86.95652173913045,79.91545893719812,-13.043478260869565,
2019-08-21,36.75,110387.7,289954.9,7891.5,2.29,2019-08-21,OSP,Food & Beverage,Agro & Food Industry,37.0,36.5,36.5,36.75,7891400.0,34.77592086791992,36.75,0.0,36.35,36.61666666666667,36.28329962760334,58.36535082319184,1.75,85.42199488491049,85.67206592782044,-13.043478260869565,
2019-08-22,36.75,110387.7,407660.6,11059.5,2.29,2019-08-22,OSP,Food & Beverage,Agro & Food Industry,37.25,36.5,36.75,36.75,11059400.0,34.77592086791992,36.75,0.0,36.75,36.75,36.43886641840223,58.365350823191854,1.5,77.26982097186702,83.21611253196936,-13.043478260869565,
2019-08-23,37.25,111889.6,244101.0,6597.8,2.26,2019-08-23,OSP,Food & Beverage,Agro & Food Industry,37.25,36.75,36.75,37.25,6597600.0,35.24906539916992,36.75,-0.01351371916672282,36.85,36.916666666666664,36.70924427893482,61.042350302861884,2.5,81.61764705882354,81.43648763853372,-4.3478260869565215,
2019-08-26,36.75,110387.7,239112.5,6512.7,2.29,2019-08-26,OSP,Food & Beverage,Agro & Food Industry,37.0,36.5,36.5,36.75,6512500.0,34.77592086791992,37.25,0.013513719166722855,36.85,36.88333333333333,36.72282951928988,57.10816504572461,2.0,70.83333333333334,76.57360045467468,-13.043478260869565,
2019-08-27,37.25,111889.6,334094.8,9008.1,2.26,2019-08-27,OSP,Food & Beverage,Agro & Food Industry,37.5,36.75,36.75,37.25,9008000.0,35.58799743652344,36.75,-0.01351371916672282,36.95,37.016666666666666,36.89855301285992,59.87868893558208,3.25,75.00000000000001,75.81699346405235,-4.3478260869565215,
2019-08-28,37.75,113391.4,580237.0,15436.1,2.23,2019-08-28,OSP,Food & Beverage,Agro & Food Industry,38.0,37.0,37.25,37.75,15436000.0,36.06568908691406,37.25,-0.013333530869465144,37.15,37.28333333333333,37.18236867523995,62.47564013600848,4.5,69.44444444444446,71.75925925925931,-4.0,
2019-08-29,37.75,113391.4,135521.8,3605.2,2.23,2019-08-29,OSP,Food & Beverage,Agro & Food Industry,37.75,37.25,37.75,37.75,3605100.0,36.06568908691406,37.75,0.0,37.35,37.483333333333334,37.37157911682663,62.47564013600848,3.0,80.55555555555557,75.00000000000006,-4.0,
2019-08-30,37.0,111138.6,198519.6,5330.5,2.27,2019-08-30,OSP,Food & Beverage,Agro & Food Industry,37.75,36.75,37.5,37.0,5330300.0,35.34914779663086,37.75,0.020067563050809173,37.3,37.36666666666667,37.24771941121775,56.210590371217506,0.25,66.66666666666669,72.22222222222229,-16.0,
2019-09-02,38.25,114893.3,562578.9,14850.7,2.2,2019-09-02,OSP,Food & Beverage,Agro & Food Industry,38.5,37.0,37.0,38.25,14850400.0,36.54337692260742,37.0,-0.03322564762832039,37.6,37.68333333333333,37.58181294081184,62.861098613085545,1.5,67.46031746031747,71.56084656084663,-3.7037037037037033,
2019-09-03,38.25,114893.3,430344.6,11280.2,2.2,2019-09-03,OSP,Food & Beverage,Agro & Food Industry,38.5,37.5,38.25,38.25,11280000.0,36.54337692260742,38.25,0.0,37.8,37.9,37.80454196054122,62.86109861308553,1.5,68.25396825396825,67.46031746031751,-4.761904761904762,
2019-09-04,38.0,114142.4,372197.6,9769.0,2.21,2019-09-04,OSP,Food & Beverage,Agro & Food Industry,38.5,37.75,38.0,38.0,9768900.0,36.30453109741211,38.25,0.0065574005461590396,37.85,37.96666666666667,37.86969464036081,60.743036524802385,1.25,80.95238095238095,72.22222222222227,-16.666666666666668,
2019-09-05,38.5,115644.3,312574.6,8207.7,2.18,2019-09-05,OSP,Food & Beverage,Agro & Food Industry,38.5,37.75,38.0,38.5,8207600.0,36.782222747802734,38.0,-0.013072081567352775,38.0,38.18333333333333,38.07979642690721,63.38660145574134,1.75,85.71428571428571,78.30687830687835,-0.0,
2019-09-06,38.25,114893.3,237980.3,6246.6,2.2,2019-09-06,OSP,Food & Beverage,Agro & Food Industry,38.5,37.75,38.25,38.25,6246500.0,36.54337692260742,38.5,0.006514681021193672,38.25,38.266666666666666,38.136530951271475,61.179548403427916,1.0,84.92063492063491,83.8624338624339,-11.11111111111111,
2019-09-09,38.0,114142.4,163361.1,4302.1,2.21,2019-09-09,OSP,Food & Beverage,Agro & Food Industry,38.25,37.75,38.25,38.0,4302100.0,36.30453109741211,38.25,0.0065574005461590396,38.2,38.18333333333333,38.091020634180985,58.97926860442292,1.25,77.77777777777777,82.80423280423285,-25.0,
2019-09-10,37.5,112640.5,390684.1,10410.0,2.24,2019-09-10,OSP,Food & Beverage,Agro & Food Industry,38.0,37.25,37.75,37.5,10409500.0,35.826839447021484,38.0,0.013245226750020723,38.05,37.95,37.89401375612066,54.75917792270801,0.25,51.11111111111111,71.26984126984131,-50.0,
2019-09-11,36.5,109636.8,594464.2,16228.6,2.3,2019-09-11,OSP,Food & Beverage,Agro & Food Industry,37.5,36.0,37.5,36.5,16227700.0,34.871456146240234,37.5,0.02702867238791942,37.75,37.43333333333333,37.42934250408044,47.47936060050878,-1.25,29.99999999999999,52.96296296296301,-80.0,
2019-09-12,35.75,107383.9,425102.4,11722.8,2.35,2019-09-12,OSP,Food & Beverage,Agro & Food Industry,37.25,35.75,36.75,35.75,11722300.0,34.154918670654304,36.5,0.020761991448429225,37.2,36.766666666666666,36.86956166938696,42.89675492892941,-2.0,13.333333333333323,31.481481481481527,-100.0,
2019-09-13,36.25,108885.8,158813.2,4375.6,2.32,2019-09-13,OSP,Food & Beverage,Agro & Food Industry,36.75,35.75,36.0,36.25,4375400.0,34.632614135742195,35.75,-0.01388911216066715,36.8,36.45,36.66304111292464,46.57962599704917,-0.75,13.333333333333323,18.888888888888932,-81.81818181818181,
2019-09-16,36.75,110387.7,306121.5,8324.8,2.29,2019-09-16,OSP,Food & Beverage,Agro & Food Industry,37.25,36.0,36.25,36.75,8324700.0,35.110305786132805,36.25,-0.013698844358161915,36.55,36.43333333333333,36.692027408616426,50.03246906005355,-1.5,21.48148148148147,16.049382716049426,-63.63636363636363,
2019-09-17,37.25,111889.6,292003.6,7838.8,2.26,2019-09-17,OSP,Food & Beverage,Agro & Food Industry,37.75,36.5,36.75,37.25,7838400.0,35.58799743652344,36.75,-0.01351371916672282,36.5,36.666666666666664,36.87801827241095,53.26871042300506,-1.0,46.48148148148147,27.098765432098805,-45.45454545454545,
2019-09-18,37.0,111138.6,308357.9,8294.4,2.27,2019-09-18,OSP,Food & Beverage,Agro & Food Industry,37.5,36.75,37.0,37.0,8294200.0,35.34914779663086,37.25,0.0067340321813441194,36.6,36.833333333333336,36.91867884827396,51.48244732691596,-1.0,60.64814814814813,42.87037037037041,-54.54545454545455,
2019-09-19,36.25,108885.8,181993.5,4978.9,2.32,2019-09-19,OSP,Food & Beverage,Agro & Food Industry,37.0,36.25,37.0,36.25,4978800.0,34.632614135742195,37.0,0.0204785313435407,36.7,36.71666666666667,36.69578589884931,46.47332678041655,-2.25,54.16666666666665,53.76543209876547,-81.81818181818181,
2019-09-20,36.5,109636.8,121943.7,3346.0,2.3,2019-09-20,OSP,Food & Beverage,Agro & Food Industry,36.75,36.25,36.5,36.5,3345800.0,34.871456146240234,36.25,-0.006872879287762064,36.75,36.65,36.630523932566206,48.27087040493015,-1.75,38.69047619047617,51.16843033509704,-72.72727272727273,
2019-09-23,36.5,109636.8,179390.3,4908.3,2.3,2019-09-23,OSP,Food & Beverage,Agro & Food Industry,37.0,36.25,36.25,36.5,4908200.0,34.871456146240234,36.5,0.0,36.7,36.56666666666667,36.58701595504414,48.27087040493015,-1.5,23.412698412698393,38.756613756613795,-72.72727272727273,
2019-09-24,35.75,107383.9,348313.4,9716.8,2.35,2019-09-24,OSP,Food & Beverage,Agro & Food Industry,36.5,35.25,36.5,35.75,9716400.0,34.154918670654304,36.5,0.020761991448429225,36.4,36.25,36.30801063669609,43.266921317428434,-1.75,22.48677248677247,28.196649029982407,-84.61538461538461,
2019-09-25,35.0,105131.1,563426.7,16065.0,2.4,2019-09-25,OSP,Food & Beverage,Agro & Food Industry,35.5,34.75,35.25,35.0,16064700.0,33.438385009765625,35.75,0.021202207650602906,36.0,35.78333333333333,35.872007091130726,38.941721981573494,-1.5,16.666666666666654,20.855379188712565,-93.33333333333334,
2019-09-26,35.75,107383.9,261534.3,7364.3,2.35,2019-09-26,OSP,Food & Beverage,Agro & Food Industry,35.75,35.25,35.25,35.75,7364100.0,34.154918670654304,35.0,-0.021202207650602937,35.9,35.7,35.831338060753815,44.848746148564594,0.0,25.92592592592591,21.69312169312174,-71.42857142857142,
2019-09-27,37.0,111138.6,589146.0,16007.6,2.27,2019-09-27,OSP,Food & Beverage,Agro & Food Industry,37.5,35.5,35.75,37.0,16007300.0,35.34914779663086,35.75,-0.03436764350420777,36.0,36.06666666666667,36.22089204050254,52.97299933424098,0.75,45.79124579124578,29.461279461279513,-30.769230769230766,
2019-09-30,37.25,111889.6,187399.1,5077.8,2.26,2019-09-30,OSP,Food & Beverage,Agro & Food Industry,37.25,36.5,37.0,37.25,5077600.0,35.58799743652344,37.0,-0.006734032181344068,36.15,36.483333333333334,36.563928027001694,54.41203476319816,0.5,72.39057239057237,48.035914702581415,-16.666666666666668,
2019-10-01,36.75,110387.7,264781.7,7174.9,2.29,2019-10-01,OSP,Food & Beverage,Agro & Food Industry,37.5,36.5,37.0,36.75,7174400.0,35.110305786132805,37.25,0.013513719166722855,36.35,36.68333333333333,36.62595201800113,51.06369397465418,-0.5,81.81818181818181,66.66666666666673,-33.333333333333336,
2019-10-02,36.0,108134.9,151943.7,4194.5,2.33,2019-10-02,OSP,Food & Beverage,Agro & Food Industry,36.75,36.0,36.75,36.0,4194400.0,34.393768310546875,36.75,0.02061928720273561,36.55,36.56666666666667,36.41730134533409,46.46807657295544,-1.0,65.65656565656566,73.28843995510668,-58.333333333333336,
2019-10-03,36.0,108134.9,173389.1,4865.3,2.33,2019-10-03,OSP,Food & Beverage,Agro & Food Industry,36.0,35.25,35.5,36.0,4865000.0,34.393768310546875,36.0,0.0,36.6,36.38333333333333,36.278200896889395,46.46807657295544,-0.25,46.46464646464647,64.64646464646471,-58.333333333333336,
2019-10-04,36.25,108885.8,82935.5,2303.6,2.32,2019-10-04,OSP,Food & Beverage,Agro & Food Industry,36.25,35.5,36.25,36.25,2303400.0,34.632614135742195,36.0,-0.006920442844573795,36.45,36.266666666666666,36.268800597926266,48.250230644431944,-0.25,37.03703703703704,49.71941638608312,-50.0,
2019-10-07,36.25,108885.8,107613.9,2969.5,2.32,2019-10-07,OSP,Food & Beverage,Agro & Food Industry,36.5,35.75,36.25,36.25,2969400.0,34.632614135742195,36.25,0.0,36.25,36.2,36.262533731950846,48.250230644431944,-0.25,40.74074074074074,41.41414141414148,-45.45454545454545,
2019-10-08,36.5,109636.8,210353.5,5737.6,2.3,2019-10-08,OSP,Food & Beverage,Agro & Food Industry,37.0,36.25,36.25,36.5,5737600.0,34.871456146240234,36.25,-0.006872879287762064,36.2,36.28333333333333,36.3416891546339,50.15516075034291,0.75,53.439153439153436,43.73897707231047,-36.36363636363637,
2019-10-09,36.5,109636.8,77472.4,2124.1,2.3,2019-10-09,OSP,Food & Beverage,Agro & Food Industry,36.75,36.25,36.25,36.5,2124000.0,34.871456146240234,36.5,0.0,36.3,36.38333333333333,36.3944594364226,50.15516075034291,1.5,62.43386243386243,52.20458553791894,-36.36363636363637,
2019-10-10,36.25,108885.8,84477.1,2318.2,2.32,2019-10-10,OSP,Food & Beverage,Agro & Food Industry,36.75,36.0,36.5,36.25,2318000.0,34.632614135742195,36.5,0.0068728792877620504,36.35,36.36666666666667,36.3463062909484,48.1216899327111,0.5,64.28571428571428,60.052910052910114,-45.45454545454545,
2019-10-11,37.5,112640.5,511356.6,13789.7,2.24,2019-10-11,OSP,Food & Beverage,Agro & Food Industry,37.5,36.25,36.25,37.5,13789600.0,35.826839447021484,36.25,-0.03390155167568134,36.6,36.75,36.730870860632265,57.37890140819369,0.5,73.8095238095238,66.84303350970023,-0.0,
2019-10-15,37.75,113391.4,289054.3,7671.0,2.23,2019-10-15,OSP,Food & Beverage,Agro & Food Industry,38.0,37.25,37.5,37.75,7670800.0,36.06568908691406,37.5,-0.006644542718668613,36.9,37.13333333333333,37.070580573754846,58.94859751996242,0.5,79.16666666666666,72.42063492063498,-7.692307692307692,
2019-10-16,39.25,117897.1,1276648.0,32763.7,2.14,2019-10-16,OSP,Food & Beverage,Agro & Food Industry,39.75,38.0,38.25,39.25,32763000.0,37.49876022338867,37.75,-0.03896596853338372,37.45,37.916666666666664,37.79705371583656,66.80725830001545,2.5,91.38888888888887,81.4550264550265,-11.11111111111111,
2019-10-17,40.25,120900.8,687361.3,17214.4,2.09,2019-10-17,OSP,Food & Beverage,Agro & Food Industry,40.75,39.0,39.5,40.25,17214200.0,38.45414733886719,39.25,-0.025158559636154987,38.2,38.85,38.61470247722438,70.80003351632898,4.25,87.88011695906431,86.14522417154001,-9.090909090909092,
2019-10-18,42.25,126908.3,1093439.0,26278.0,1.99,2019-10-18,OSP,Food & Beverage,Agro & Food Industry,43.0,39.75,40.0,42.25,26277400.0,40.36491012573242,40.25,-0.048494349938610494,39.4,40.2,39.82646831814959,76.78425412087192,6.25,88.34307992202726,89.20402858999354,-9.67741935483871,
2019-10-21,43.0,129161.1,855422.6,19922.8,1.95,2019-10-21,OSP,Food & Beverage,Agro & Food Industry,43.75,42.0,42.0,43.0,19922100.0,41.08144760131836,42.25,-0.0175957618903796,40.5,41.4,40.88431221209972,78.55044643611467,6.75,88.94137052031785,88.38818913380321,-8.823529411764705,
2019-10-22,44.5,133666.8,556637.1,12628.8,1.89,2019-10-22,OSP,Food & Beverage,Agro & Food Industry,44.5,43.0,43.25,44.5,12628500.0,42.51452255249024,43.0,-0.034289073478632075,41.85,42.733333333333334,42.089541474733146,81.55706660457898,8.25,92.45014245014242,89.91153096416258,-0.0,
2019-10-24,43.75,131413.9,609521.9,13876.4,1.92,2019-10-24,OSP,Food & Beverage,Agro & Food Industry,44.5,43.5,44.25,43.75,13875900.0,41.79798126220703,44.5,0.016997576368571077,42.75,43.36666666666667,42.643027649822095,75.86054809619385,7.25,91.60839160839157,90.99996819295069,-8.108108108108109,
2019-10-25,43.5,130663.0,1236675.0,28574.8,1.93,2019-10-25,OSP,Food & Beverage,Agro & Food Industry,45.0,41.0,44.0,43.5,28574000.0,41.55913925170898,43.75,0.0057306747089850745,43.4,43.61666666666667,42.9286850998814,74.01423587536313,7.0,85.9307359307359,89.99642332975672,-15.789473684210526,
2019-10-28,44.75,134417.7,543016.2,12281.8,1.88,2019-10-28,OSP,Food & Beverage,Agro & Food Industry,44.75,42.75,43.5,44.75,12281400.0,42.75336456298828,43.5,-0.028330506626225996,43.9,44.06666666666667,43.5357900665876,77.01154893430598,8.5,83.84740259740256,87.12884337884343,-2.7027027027027026,
2019-10-29,44.5,133666.8,871955.4,19508.5,1.89,2019-10-29,OSP,Food & Beverage,Agro & Food Industry,45.5,43.75,45.0,44.5,19507700.0,42.51452255249024,44.75,0.0056022555486697516,44.2,44.266666666666666,43.85719337772507,75.15399302963827,7.0,80.9854497354497,83.58786275452947,-10.526315789473685,
2019-10-30,41.5,124655.5,1281145.0,30685.4,2.02,2019-10-30,OSP,Food & Beverage,Agro & Food Industry,44.5,40.5,44.25,41.5,30684500.0,39.64837265014648,44.5,0.06979576193554192,43.6,43.36666666666667,43.07146225181671,57.364182806131694,3.75,63.84259259259255,76.22514830848168,-42.10526315789474,
2019-10-31,42.5,127659.3,532295.8,12512.0,1.98,2019-10-31,OSP,Food & Beverage,Agro & Food Industry,43.25,41.5,41.75,42.5,12511500.0,40.60375595092773,41.5,-0.02381064869371856,43.35,43.0,42.880974834544475,60.687641766918034,3.25,45.92592592592589,63.58465608465613,-31.57894736842105,
2019-11-01,43.0,129161.1,345008.8,8040.4,1.95,2019-11-01,OSP,Food & Beverage,Agro & Food Industry,43.5,42.25,42.75,43.0,8040100.0,41.08144760131836,42.5,-0.011696039763191298,43.25,42.88333333333333,42.920649889696314,62.2634771132063,2.75,36.66666666666662,48.81172839506177,-27.027027027027028,
2019-11-04,45.5,136670.4,970558.9,21815.0,1.85,2019-11-04,OSP,Food & Beverage,Agro & Food Industry,45.5,42.75,43.5,45.5,21814500.0,43.46990203857422,43.0,-0.056512210263342334,43.4,43.63333333333333,43.78043325979754,68.9345112034182,3.25,63.33333333333329,48.64197530864201,-0.0,
2019-11-05,45.0,135168.6,473780.4,10529.7,1.87,2019-11-05,OSP,Food & Beverage,Agro & Food Industry,45.5,44.5,45.25,45.0,10529500.0,42.9922103881836,45.5,0.011049836186584935,43.5,44.166666666666664,44.186955506531696,66.41849447023512,2.0,79.99999999999996,60.000000000000036,-6.666666666666667,
2019-11-06,43.25,129912.0,1095955.0,24999.0,1.94,2019-11-06,OSP,Food & Beverage,Agro & Food Industry,45.75,42.75,45.0,43.25,24997800.0,41.320289611816406,45.0,0.039665256392431354,43.85,44.083333333333336,43.87463700435446,58.42224501471611,-1.25,77.05882352941173,73.46405228758174,-37.03703703703704,
2019-11-07,44.0,132164.9,498823.8,11441.1,1.91,2019-11-07,OSP,Food & Beverage,Agro & Food Industry,44.25,43.0,43.25,44.0,11440900.0,42.03683090209961,43.25,-0.017192400540372875,44.15,44.13333333333333,43.91642466956964,60.60033716807028,0.25,60.39215686274506,72.48366013071899,-29.166666666666668,
2019-11-08,44.25,132915.8,620685.8,13952.9,1.9,2019-11-08,OSP,Food & Beverage,Agro & Food Industry,45.0,44.0,44.25,44.25,13952600.0,42.275672912597656,44.0,-0.005665737535677308,44.4,44.166666666666664,44.02761644637976,61.323938611260246,0.75,47.05882352941173,61.50326797385625,-28.571428571428573,
2019-11-11,43.75,131413.9,334956.1,7625.9,1.92,2019-11-11,OSP,Food & Beverage,Agro & Food Industry,44.25,43.5,44.0,43.75,7625600.0,41.79798126220703,44.25,0.011363758650315003,44.05,43.95,43.93507763091984,59.00191698472763,-1.0,44.44444444444441,50.63180827886715,-38.095238095238095,
2019-11-12,43.25,129912.0,678719.1,15528.7,1.94,2019-11-12,OSP,Food & Beverage,Agro & Food Industry,44.75,42.75,44.0,43.25,15528200.0,41.320289611816406,43.75,0.011494379425735212,43.7,43.68333333333333,43.70671842061323,56.70156400568859,-1.25,33.3333333333333,41.612200435729896,-47.61904761904762,
2019-11-13,43.0,129161.1,349892.3,8071.2,1.95,2019-11-13,OSP,Food & Beverage,Agro & Food Industry,44.0,42.75,43.0,43.0,8071000.0,41.08144760131836,43.25,0.005797117684325915,43.65,43.45,43.47114561374215,55.541507221637545,1.5,20.37037037037034,32.7160493827161,-52.38095238095238,
2019-11-14,42.0,126157.3,1008684.0,23913.6,2.0,2019-11-14,OSP,Food & Beverage,Agro & Food Industry,43.25,41.25,42.75,42.0,23912900.0,40.126060485839844,43.0,0.023530497410194036,43.25,42.9,42.980763742494766,51.06413306900232,-0.5,15.925925925925894,23.20987654320993,-71.42857142857143,
2019-11-15,42.0,126157.3,482695.8,11394.1,2.0,2019-11-15,OSP,Food & Beverage,Agro & Food Industry,42.75,42.0,42.25,42.0,11393700.0,40.126060485839844,42.0,0.0,42.8,42.483333333333334,42.65384249499651,51.0641330690023,-1.0,17.51322751322748,17.93650793650799,-71.42857142857143,
2019-11-18,42.5,127659.3,268964.3,6324.8,1.98,2019-11-18,OSP,Food & Beverage,Agro & Food Industry,43.0,42.0,42.25,42.5,6324600.0,40.60375595092773,42.0,-0.011834457647002796,42.55,42.38333333333333,42.60256166333101,53.22827417006789,-3.0,25.71428571428568,19.717813051146436,-61.904761904761905,
2019-11-19,42.75,128410.2,292017.3,6846.6,1.96,2019-11-19,OSP,Food & Beverage,Agro & Food Industry,43.0,42.25,42.5,42.75,6846300.0,40.84260177612305,42.5,-0.005865119452398134,42.45,42.45,42.65170777555401,54.31071916464201,-2.25,37.229437229437195,26.818983485650204,-66.66666666666667,
2019-11-20,42.25,126908.3,199243.1,4696.0,1.99,2019-11-20,OSP,Food & Beverage,Agro & Food Industry,42.75,42.0,42.5,42.25,4695800.0,40.36491012573242,42.75,0.01176484157958643,42.3,42.38333333333333,42.51780518370267,51.74457818964109,-1.0,46.75324675324672,36.56565656565662,-77.77777777777779,
2019-11-21,42.0,126157.3,172751.3,4098.1,2.0,2019-11-21,OSP,Food & Beverage,Agro & Food Industry,42.5,42.0,42.0,42.0,4098100.0,40.126060485839844,42.25,0.0059347355198145265,42.3,42.28333333333333,42.34520345580178,50.4671486530839,-2.0,34.84848484848482,39.61038961038967,-83.33333333333334,
2019-11-22,42.25,126908.3,364853.9,8672.1,1.99,2019-11-22,OSP,Food & Beverage,Agro & Food Industry,42.5,41.75,42.0,42.25,8671900.0,40.36491012573242,42.0,-0.005934735519814578,42.35,42.266666666666666,42.31346897053452,51.74355985526812,-2.0,29.99999999999997,37.200577200577264,-77.77777777777779,
2019-11-25,42.5,127659.3,992928.3,23337.1,1.98,2019-11-25,OSP,Food & Beverage,Agro & Food Industry,43.25,42.0,42.75,42.5,23336900.0,40.60375595092773,42.25,-0.005899722127188271,42.35,42.31666666666667,42.375645980356346,53.04010492928902,-1.25,29.99999999999997,31.61616161616168,-72.22222222222223,
2019-11-26,41.25,123904.6,4119721.0,99473.4,2.04,2019-11-26,OSP,Food & Beverage,Agro & Food Industry,43.0,41.0,42.75,41.25,99472200.0,39.40952682495117,42.5,0.02985296314968113,42.05,41.95,42.000430653570895,46.36637390178267,-2.0,33.703703703703674,31.23456790123463,-93.75,
2019-11-27,41.5,124655.5,563996.9,13598.2,2.02,2019-11-27,OSP,Food & Beverage,Agro & Food Industry,42.25,40.25,41.25,41.5,13597700.0,39.64837265014648,41.25,-0.006042314455962586,41.9,41.766666666666666,41.83362043571393,47.77449558774057,-1.5,34.25925925925923,32.65432098765439,-73.6842105263158,
2019-11-28,41.0,123153.6,185548.0,4508.8,2.05,2019-11-28,OSP,Food & Beverage,Agro & Food Industry,41.5,41.0,41.5,41.0,4508500.0,39.17068099975586,41.5,0.01212136053234482,41.7,41.46666666666667,41.555746957142624,45.22988278334851,-1.0,25.9259259259259,31.29629629629636,-83.33333333333334,
2019-11-29,41.0,123153.6,562663.9,13658.3,2.05,2019-11-29,OSP,Food & Beverage,Agro & Food Industry,41.75,40.5,40.5,41.0,13658000.0,39.17068099975586,41.0,0.0,41.45,41.233333333333334,41.370497971428414,45.2298827833485,-1.0,30.55555555555553,30.24691358024698,-83.33333333333334,
2019-12-02,39.5,118648.0,764911.9,19246.4,2.13,2019-12-02,OSP,Food & Beverage,Agro & Food Industry,41.0,39.0,41.0,39.5,19244900.0,37.73760223388672,41.0,0.0372713947972316,40.85,40.583333333333336,40.746998647618945,38.21927400336943,-3.0,20.833333333333304,25.77160493827167,-90.0,
2019-12-03,40.0,120149.9,324756.9,8134.2,2.1,2019-12-03,OSP,Food & Beverage,Agro & Food Industry,40.5,39.25,39.25,40.0,8133800.0,38.215293884277344,39.5,-0.012578782206860073,40.6,40.3,40.49799909841263,41.45987728406829,-2.75,22.75641025641023,24.715099715099782,-76.47058823529412,
2019-12-04,41.0,123153.6,529559.9,13053.0,2.05,2019-12-04,OSP,Food & Beverage,Agro & Food Industry,41.0,39.75,40.0,41.0,13052700.0,39.17068099975586,40.0,-0.02469261259037152,40.5,40.43333333333333,40.66533273227508,47.374931786928116,-1.25,38.66550116550114,27.418414918414985,-52.94117647058823,
2019-12-06,40.0,120149.9,440635.0,10937.2,2.1,2019-12-06,OSP,Food & Beverage,Agro & Food Industry,41.0,40.0,41.0,40.0,10936900.0,38.215293884277344,41.0,0.024692612590371414,40.3,40.266666666666666,40.44355515485005,42.747124634190826,-2.0,46.620046620046594,36.013986013986084,-76.47058823529412,
2019-12-09,39.75,119398.9,208638.0,5244.3,2.11,2019-12-09,OSP,Food & Beverage,Agro & Food Industry,40.25,39.5,40.0,39.75,5244000.0,37.9764518737793,40.0,0.006269613013595395,40.05,40.083333333333336,40.21237010323337,41.657142539666694,-2.5,48.86363636363634,44.71639471639478,-82.35294117647058,
2019-12-11,40.25,120900.8,312853.6,7785.5,2.09,2019-12-11,OSP,Food & Beverage,Agro & Food Industry,40.5,39.75,40.0,40.25,7785400.0,38.45414733886719,39.75,-0.012500162764231494,40.2,40.15,40.22491340215558,44.67980318683162,-2.25,43.66883116883114,46.38417138417145,-70.58823529411764,
2019-12-12,40.5,121651.8,623868.6,15303.3,2.07,2019-12-12,OSP,Food & Beverage,Agro & Food Industry,41.25,40.25,40.5,40.5,15302700.0,38.69298934936523,40.25,-0.006191970247921107,40.3,40.25,40.316608934770386,46.17372962262988,-0.75,50.59523809523807,47.70923520923528,-64.70588235294117,
2019-12-13,41.25,123904.6,1205029.0,29233.9,2.04,2019-12-13,OSP,Food & Beverage,Agro & Food Industry,41.5,40.5,40.75,41.25,29233400.0,39.40952682495117,40.5,-0.01834913866819654,40.35,40.56666666666667,40.62773928984692,50.472792669966005,-0.25,67.26190476190473,53.84199134199141,-47.05882352941176,
2019-12-16,40.25,120900.8,563693.5,13896.5,2.09,2019-12-16,OSP,Food & Beverage,Agro & Food Industry,41.25,40.0,41.25,40.25,13896200.0,38.45414733886719,41.25,0.02454110891611766,40.4,40.53333333333333,40.50182619323128,45.30369102336873,-0.75,60.71428571428569,59.5238095238096,-70.58823529411764,
2019-12-17,40.25,120900.8,469255.3,11692.1,2.09,2019-12-17,OSP,Food & Beverage,Agro & Food Industry,40.75,39.75,40.5,40.25,11692000.0,38.45414733886719,40.25,0.0,40.5,40.483333333333334,40.41788412882085,45.30369102336873,-0.75,51.19047619047617,59.72222222222229,-68.75,
2019-12-18,41.0,123153.6,393139.2,9577.4,2.05,2019-12-18,OSP,Food & Beverage,Agro & Food Industry,41.5,40.5,40.75,41.0,9577100.0,39.17068099975586,40.25,-0.018462062839735442,40.65,40.65,40.61192275254724,49.73574177911861,1.5,45.83333333333331,52.579365079365154,-38.46153846153846,
2019-12-19,41.0,123153.6,382386.3,9355.6,2.05,2019-12-19,OSP,Food & Beverage,Agro & Food Industry,41.25,40.25,41.0,41.0,9355500.0,39.17068099975586,41.0,0.0,40.75,40.766666666666666,40.741281835031494,49.735741779118605,1.0,57.14285714285711,51.388888888888964,-27.272727272727273,
2019-12-20,40.75,122402.7,301756.4,7406.7,2.06,2019-12-20,OSP,Food & Beverage,Agro & Food Industry,41.0,40.5,41.0,40.75,7406600.0,38.93183517456055,41.0,0.006116227017436054,40.65,40.766666666666666,40.744187890020996,48.239991409269436,-0.25,66.66666666666664,56.547619047619115,-36.36363636363637,
2019-12-23,39.5,118648.0,862801.3,21750.1,2.13,2019-12-23,OSP,Food & Beverage,Agro & Food Industry,40.75,39.0,40.5,39.5,21749100.0,37.73760223388672,40.75,0.03115516777979548,40.5,40.38333333333333,40.32945859334733,41.546427257570926,-0.5,49.5238095238095,57.777777777777835,-80.0,
2019-12-24,39.75,119398.9,294053.2,7402.9,2.11,2019-12-24,OSP,Food & Beverage,Agro & Food Industry,40.25,39.5,39.5,39.75,7402600.0,37.9764518737793,39.5,-0.006309169193264721,40.4,40.13333333333333,40.13630572889822,43.23426122080172,0.0,35.714285714285694,50.6349206349207,-70.0,
2019-12-25,39.75,119398.9,116283.5,2926.1,2.11,2019-12-25,OSP,Food & Beverage,Agro & Food Industry,40.0,39.5,39.75,39.75,2926000.0,37.9764518737793,39.75,0.0,40.15,39.916666666666664,40.007537152598815,43.23426122080172,-0.5,27.77777777777776,37.671957671957735,-70.0,
2019-12-26,40.0,120149.9,144451.6,3614.3,2.1,2019-12-26,OSP,Food & Beverage,Agro & Food Industry,40.25,39.5,39.5,40.0,3614200.0,38.215293884277344,39.75,-0.006269613013595374,39.95,39.86666666666667,40.00502476839921,45.05550992086799,-0.5,37.777777777777764,33.756613756613824,-60.0,
2019-12-27,40.25,120900.8,474032.1,11809.6,2.09,2019-12-27,OSP,Food & Beverage,Agro & Food Industry,40.5,39.75,40.0,40.25,11809200.0,38.45414733886719,40.0,-0.006230549750636086,39.85,39.96666666666667,40.08668317893281,46.88147387506331,-1.0,51.58730158730157,39.047619047619115,-50.0,
2019-12-30,40.5,121651.8,162177.1,4017.0,2.07,2019-12-30,OSP,Food & Beverage,Agro & Food Industry,40.5,40.0,40.25,40.5,4016800.0,38.69298934936523,40.25,-0.006191970247921107,40.05,40.18333333333333,40.224455452621875,48.70781734574081,0.25,73.80952380952378,54.39153439153446,-40.0,
