date,SCB,KBANK,TOP,PTT
2015-01-01,182.0,229.0,42.0,32.4
2015-01-02,182.0,229.0,42.0,32.4
2015-01-05,179.0,220.0,42.75,31.5
2015-01-06,175.0,214.0,43.0,32.3
2015-01-07,178.0,218.0,44.25,33.4
2015-01-08,182.0,228.0,45.75,34.0
2015-01-09,184.5,229.0,46.0,33.8
2015-01-12,181.5,227.0,45.0,33.3
2015-01-13,182.0,226.0,45.0,32.8
2015-01-14,180.0,224.0,44.5,32.2
2015-01-15,181.5,226.0,45.0,31.9
2015-01-16,180.5,225.0,44.25,32.2
2015-01-19,181.0,224.0,45.25,33.3
2015-01-20,179.0,222.0,44.75,33.5
2015-01-21,179.0,222.0,45.0,33.0
2015-01-22,181.5,228.0,48.25,34.1
2015-01-23,187.0,235.0,49.75,34.8
2015-01-26,186.0,232.0,49.0,34.5
2015-01-27,187.0,232.0,48.5,35.0
2015-01-28,185.5,232.0,49.25,34.9
2015-01-29,183.0,226.0,50.5,35.0
2015-01-30,179.5,222.0,51.25,34.6
2015-02-02,179.0,221.0,52.0,35.5
2015-02-03,182.0,226.0,52.75,37.0
2015-02-04,182.5,224.0,51.25,37.8
2015-02-05,184.0,227.0,50.25,37.4
2015-02-06,183.0,225.0,52.0,37.7
2015-02-09,179.0,222.0,51.75,36.6
2015-02-10,177.0,223.0,52.0,36.1
2015-02-11,180.0,227.0,52.0,35.7
2015-02-12,179.5,225.0,51.75,35.9
2015-02-13,179.0,225.0,52.75,36.9
2015-02-16,179.0,224.0,53.0,36.2
2015-02-17,176.0,221.0,52.5,35.4
2015-02-18,176.5,222.0,52.75,35.6
2015-02-19,176.5,222.0,51.75,34.5
2015-02-20,176.0,220.0,52.0,34.5
2015-02-23,176.0,217.0,51.5,33.8
2015-02-24,176.0,221.0,51.5,34.1
2015-02-25,175.5,219.0,51.25,33.8
2015-02-26,172.0,216.0,51.75,34.5
2015-02-27,169.5,217.0,52.5,34.3
2015-03-02,167.5,218.0,54.0,35.0
2015-03-03,169.5,223.0,53.75,34.0
2015-03-04,169.5,223.0,53.75,34.0
2015-03-05,175.0,228.0,54.5,33.2
2015-03-06,178.5,229.0,56.75,32.9
2015-03-09,178.5,228.0,55.0,33.2
2015-03-10,175.5,224.0,52.5,33.0
2015-03-11,178.0,227.0,53.5,33.0
2015-03-12,176.5,225.0,52.25,32.7
2015-03-13,175.5,224.0,52.5,32.4
2015-03-16,172.5,221.0,51.25,31.7
2015-03-17,173.0,221.0,52.5,31.9
2015-03-18,174.5,226.0,54.5,32.6
2015-03-19,173.5,230.0,53.25,32.7
2015-03-20,175.0,228.0,53.25,32.2
2015-03-23,175.0,227.0,52.0,32.6
2015-03-24,174.0,225.0,52.0,33.1
2015-03-25,174.5,226.0,51.25,32.5
2015-03-26,174.0,224.0,51.25,32.6
2015-03-27,175.0,226.0,51.5,32.5
2015-03-30,177.0,227.0,52.0,32.1
2015-03-31,178.0,229.0,52.0,32.3
2015-04-01,177.0,230.0,51.75,32.4
2015-04-02,177.5,231.0,54.0,32.8
2015-04-03,177.5,231.0,53.75,33.0
2015-04-06,177.5,231.0,53.75,33.0
2015-04-07,177.5,233.0,56.0,34.1
2015-04-08,179.5,234.0,54.75,34.0
2015-04-09,182.0,233.0,55.0,33.2
2015-04-10,177.5,234.0,54.5,33.4
2015-04-13,177.5,234.0,54.5,33.4
2015-04-14,177.5,234.0,54.5,33.4
2015-04-15,177.5,234.0,54.5,33.4
2015-04-16,177.5,234.0,58.5,35.5
2015-04-17,175.0,234.0,58.75,36.1
2015-04-20,170.5,233.0,57.0,35.2
2015-04-21,177.0,232.0,57.0,35.4
2015-04-22,172.5,226.0,56.75,34.6
2015-04-23,169.0,221.0,55.25,34.5
2015-04-24,169.5,223.0,56.0,35.6
2015-04-27,166.0,216.0,55.25,36.2
2015-04-28,162.5,210.0,55.75,36.2
2015-04-29,160.5,210.0,57.0,35.3
2015-04-30,159.0,210.0,58.5,35.6
2015-05-01,159.0,210.0,58.5,35.6
2015-05-04,159.0,210.0,58.5,35.6
2015-05-05,159.0,210.0,58.5,35.6
2015-05-06,159.5,201.0,58.75,36.2
2015-05-07,160.0,202.0,55.25,35.9
2015-05-08,165.0,208.0,56.25,35.9
2015-05-11,163.0,211.0,54.75,35.4
2015-05-12,163.0,208.0,52.5,34.5
2015-05-13,163.5,208.0,52.0,35.4
2015-05-14,162.0,207.0,51.75,35.2
2015-05-15,164.0,208.0,52.0,36.1
2015-05-18,164.0,206.0,52.25,36.0
2015-05-19,163.5,208.0,54.25,36.8
2015-05-20,159.5,201.0,52.75,36.1
2015-05-21,161.0,199.5,53.5,36.5
2015-05-22,161.0,200.0,54.0,36.1
2015-05-25,160.5,199.5,52.25,36.1
2015-05-26,160.5,199.5,52.75,36.0
2015-05-27,161.0,197.5,52.75,35.5
2015-05-28,160.0,196.0,52.5,35.0
2015-05-29,158.5,195.0,53.5,34.7
2015-06-01,158.5,195.0,53.5,34.7
2015-06-02,154.0,192.5,52.75,34.2
2015-06-03,156.0,195.0,53.0,34.0
2015-06-04,159.0,199.0,53.75,33.7
2015-06-05,161.5,203.0,53.5,34.6
2015-06-08,160.5,202.0,53.25,34.4
2015-06-09,159.5,200.0,52.25,33.7
2015-06-10,159.5,200.0,53.0,34.4
2015-06-11,161.0,205.0,53.0,34.3
2015-06-12,160.5,204.0,52.75,33.9
2015-06-15,160.5,200.0,52.5,34.0
2015-06-16,159.5,200.0,53.0,34.6
2015-06-17,160.5,199.0,52.75,35.5
2015-06-18,160.0,200.0,52.75,35.5
2015-06-19,158.0,197.0,52.75,35.4
2015-06-22,159.5,200.0,54.0,35.6
2015-06-23,159.5,199.5,54.25,35.7
2015-06-24,162.0,199.0,56.5,36.2
2015-06-25,162.0,198.5,56.5,36.7
2015-06-26,161.5,200.0,56.0,36.4
2015-06-29,161.0,195.5,55.25,36.3
2015-06-30,155.5,189.0,55.0,35.9
2015-07-01,155.5,189.0,55.0,35.9
2015-07-02,150.0,179.0,55.0,35.6
2015-07-03,152.0,180.5,54.75,35.4
2015-07-06,150.0,179.0,53.75,34.7
2015-07-07,151.5,182.0,54.25,34.9
2015-07-08,148.5,181.5,52.75,34.0
2015-07-09,147.5,183.0,54.25,33.8
2015-07-10,153.0,187.0,54.5,34.1
2015-07-13,155.0,191.5,54.5,33.8
2015-07-14,152.0,189.5,54.25,33.8
2015-07-15,152.0,190.0,54.25,33.8
2015-07-16,151.0,189.0,54.75,33.9
2015-07-17,150.5,189.0,54.25,33.4
2015-07-20,149.5,188.0,54.0,33.0
2015-07-21,147.5,181.5,53.25,32.2
2015-07-22,150.5,182.0,53.0,31.4
2015-07-23,148.5,181.0,52.5,31.9
2015-07-24,148.5,179.5,52.0,31.7
2015-07-27,146.5,176.0,50.0,31.4
2015-07-28,146.5,173.5,49.0,31.4
2015-07-29,147.0,172.0,47.25,31.7
2015-07-30,147.0,172.0,47.25,31.7
2015-07-31,152.0,178.0,48.25,32.6
2015-08-03,154.0,181.5,48.75,32.7
2015-08-04,153.0,180.0,48.25,31.8
2015-08-05,151.5,177.5,48.5,31.9
2015-08-06,149.5,176.0,48.5,31.6
2015-08-07,148.0,176.5,48.5,31.5
2015-08-10,148.0,177.0,47.5,31.3
2015-08-11,146.0,174.5,47.25,30.8
2015-08-12,146.0,174.5,47.25,30.8
2015-08-13,144.0,171.0,47.5,30.0
2015-08-14,145.0,173.0,48.5,30.2
2015-08-17,144.5,173.5,49.5,29.7
2015-08-18,141.0,171.0,48.25,28.0
2015-08-19,142.5,173.5,49.5,27.3
2015-08-20,141.5,173.5,49.0,25.8
2015-08-21,139.0,172.5,48.0,26.5
2015-08-24,131.5,163.5,44.75,24.0
2015-08-25,136.0,167.5,47.25,25.2
2015-08-26,136.5,172.5,47.75,24.9
2015-08-27,145.0,180.0,49.0,25.9
2015-08-28,143.0,178.0,50.25,26.9
2015-08-31,142.0,180.5,51.5,26.8
2015-09-01,140.0,179.0,49.25,26.4
2015-09-02,140.5,181.0,49.25,26.6
2015-09-03,140.5,181.5,49.5,26.4
2015-09-04,137.5,181.0,49.0,26.0
2015-09-07,136.0,178.5,49.0,26.0
2015-09-08,139.0,179.0,48.75,26.0
2015-09-09,142.5,184.0,51.25,26.3
2015-09-10,142.5,184.5,52.0,25.6
2015-09-11,140.0,180.0,52.75,25.1
2015-09-14,141.5,180.0,52.25,24.6
2015-09-15,142.0,178.5,51.0,24.7
2015-09-16,144.0,179.0,52.25,25.0
2015-09-17,146.5,180.5,52.5,25.5
2015-09-18,144.0,182.5,53.5,25.3
2015-09-21,141.0,184.0,51.5,25.6
2015-09-22,139.5,183.5,52.0,25.0
2015-09-23,136.0,182.5,52.5,25.2
2015-09-24,141.5,181.0,53.0,24.7
2015-09-25,139.5,182.0,52.75,25.0
2015-09-28,136.0,177.5,52.25,24.5
2015-09-29,134.5,175.0,51.5,24.3
2015-09-30,134.0,171.0,52.75,24.0
2015-10-01,133.5,168.0,53.25,24.1
2015-10-02,134.0,169.0,52.25,24.6
2015-10-05,140.0,171.0,55.5,25.3
2015-10-06,139.0,174.0,56.0,25.3
2015-10-07,142.0,177.5,57.25,26.8
2015-10-08,142.0,178.5,56.0,26.6
2015-10-09,146.5,184.5,56.25,27.2
2015-10-12,145.5,184.0,55.5,27.0
2015-10-13,144.0,185.0,55.0,26.5
2015-10-14,142.5,183.0,54.5,26.2
2015-10-15,146.0,189.0,54.75,26.5
2015-10-16,146.0,188.0,55.75,26.6
2015-10-19,144.5,189.5,57.0,26.7
2015-10-20,142.5,187.5,56.5,27.0
2015-10-21,143.0,185.0,56.5,26.9
2015-10-22,143.0,185.5,55.75,26.9
2015-10-23,143.0,185.5,55.75,26.9
2015-10-26,142.0,181.5,56.75,28.1
2015-10-27,141.0,179.0,56.0,28.5
2015-10-28,137.0,176.0,55.25,28.3
2015-10-29,134.0,172.5,54.25,28.2
2015-10-30,133.5,172.5,54.25,27.5
2015-11-02,138.5,178.0,56.0,28.6
2015-11-03,138.0,177.0,55.75,28.7
2015-11-04,138.5,177.5,55.75,29.9
2015-11-05,137.0,177.0,55.0,29.4
2015-11-06,137.0,177.0,56.0,29.6
2015-11-09,135.0,176.5,54.75,28.6
2015-11-10,133.5,175.0,55.25,27.8
2015-11-11,132.5,173.5,56.75,27.8
2015-11-12,136.0,177.5,58.25,28.3
2015-11-13,133.5,175.0,59.75,27.6
2015-11-16,134.0,174.0,61.25,27.4
2015-11-17,133.0,172.5,61.5,27.1
2015-11-18,130.0,172.5,61.75,26.3
2015-11-19,130.5,168.5,62.5,26.9
2015-11-20,132.5,170.0,62.25,27.5
2015-11-23,133.5,170.0,61.0,27.1
2015-11-24,133.5,169.0,61.0,26.9
2015-11-25,134.5,170.0,61.25,27.0
2015-11-26,133.5,168.5,58.75,26.8
2015-11-27,133.0,168.0,61.0,26.5
2015-11-30,131.5,171.0,58.5,25.6
2015-12-01,133.5,169.0,60.0,25.3
2015-12-02,130.0,167.0,59.75,25.0
2015-12-03,130.5,167.0,59.75,25.7
2015-12-04,129.0,166.0,59.0,25.2
2015-12-07,129.0,166.0,59.0,25.2
2015-12-08,127.5,160.5,57.25,24.1
2015-12-09,127.5,157.5,58.0,23.2
2015-12-10,127.5,157.5,58.0,23.2
2015-12-11,123.5,153.5,58.5,22.0
2015-12-14,123.5,152.0,57.25,22.4
2015-12-15,124.5,154.5,60.0,23.4
2015-12-16,125.5,154.0,61.75,24.0
2015-12-17,126.5,153.0,60.75,24.2
2015-12-18,121.5,150.5,60.5,22.5
2015-12-21,122.5,151.5,61.25,23.2
2015-12-22,119.0,147.0,63.0,24.0
2015-12-23,120.5,151.0,64.75,24.8
2015-12-24,120.0,151.5,64.0,25.0
2015-12-25,120.0,150.5,63.5,24.8
2015-12-28,120.0,152.5,64.5,24.7
2015-12-29,120.0,151.0,64.25,23.7
2015-12-30,119.5,150.5,66.0,24.4
2015-12-31,119.5,150.5,66.0,24.4
2016-01-01,119.5,150.5,66.0,24.4
2016-01-04,117.5,147.5,62.75,23.8
2016-01-05,117.5,146.0,64.75,22.7
2016-01-06,117.5,148.0,65.0,22.8
2016-01-07,113.0,144.0,62.75,20.9
2016-01-08,116.0,146.5,64.0,21.5
2016-01-11,113.5,147.5,64.75,21.1
2016-01-12,118.5,154.5,65.0,21.4
2016-01-13,123.5,163.0,66.0,22.7
2016-01-14,119.0,159.5,66.5,21.9
2016-01-15,114.0,154.0,67.25,20.6
2016-01-18,114.0,152.5,66.25,19.8
2016-01-19,118.0,160.0,65.25,21.1
2016-01-20,117.0,160.0,64.75,20.0
2016-01-21,115.0,162.5,64.5,20.4
2016-01-22,119.5,163.0,66.25,21.8
2016-01-25,120.0,157.5,65.25,22.2
2016-01-26,119.5,158.0,65.25,21.9
2016-01-27,124.0,161.5,67.0,22.2
2016-01-28,127.0,164.5,64.0,23.5
2016-01-29,130.0,169.5,64.25,23.6
2016-02-01,132.0,168.0,64.5,24.0
2016-02-02,128.0,165.0,63.25,23.2
2016-02-03,128.0,164.0,64.75,23.4
2016-02-04,130.5,165.0,64.75,23.8
2016-02-05,132.5,169.0,64.75,24.2
2016-02-08,134.5,169.0,64.5,24.0
2016-02-09,131.0,165.5,64.25,24.1
2016-02-10,132.0,166.5,63.25,23.6
2016-02-11,129.0,163.5,60.25,22.8
2016-02-12,130.0,161.0,58.0,23.0
2016-02-15,132.5,163.0,59.0,23.5
2016-02-16,132.0,163.5,60.75,23.8
2016-02-17,130.5,162.0,62.5,24.3
2016-02-18,131.5,164.5,63.75,25.0
2016-02-19,135.5,168.5,63.5,25.8
2016-02-22,135.5,168.5,63.5,25.8
2016-02-23,137.0,171.5,64.0,26.2
2016-02-24,141.0,173.0,62.5,25.8
2016-02-25,138.0,171.5,63.5,26.1
2016-02-26,140.0,173.0,64.25,26.4
2016-02-29,138.5,170.5,63.5,26.0
2016-03-01,139.5,172.5,65.75,26.8
2016-03-02,142.5,177.0,65.5,27.3
2016-03-03,143.0,178.0,66.25,27.2
2016-03-04,143.0,181.0,64.75,27.7
2016-03-07,143.5,182.5,68.0,28.6
2016-03-08,143.0,182.5,67.0,28.1
2016-03-09,144.0,181.5,68.0,28.1
2016-03-10,140.0,177.5,68.25,27.5
2016-03-11,142.0,180.5,67.75,28.1
2016-03-14,144.0,184.5,67.75,27.6
2016-03-15,143.0,182.0,67.0,27.0
2016-03-16,140.0,173.0,67.25,27.1
2016-03-17,141.5,171.5,69.5,27.8
2016-03-18,141.5,173.5,70.0,28.2
2016-03-21,143.5,175.0,69.25,28.7
2016-03-22,144.0,174.5,68.75,28.8
2016-03-23,146.5,178.0,69.0,29.1
2016-03-24,144.5,175.5,67.5,28.5
2016-03-25,142.5,173.5,66.75,28.3
2016-03-28,138.0,169.0,67.25,28.4
2016-03-29,137.5,169.0,68.5,28.4
2016-03-30,140.0,173.0,69.0,28.7
2016-03-31,141.0,173.0,69.25,28.0
2016-04-01,139.0,169.0,69.25,27.8
2016-04-04,138.5,168.0,69.25,28.0
2016-04-05,131.0,160.0,67.5,27.5
2016-04-06,131.0,160.0,67.5,27.5
2016-04-07,128.0,156.5,68.75,27.2
2016-04-08,130.0,158.0,69.25,28.0
2016-04-11,132.5,159.5,69.25,28.4
2016-04-12,134.5,159.5,70.0,28.6
2016-04-13,134.5,159.5,70.0,28.6
2016-04-14,134.5,159.5,70.0,28.6
2016-04-15,134.5,159.5,70.0,28.6
2016-04-18,133.5,162.5,72.0,28.8
2016-04-19,133.5,162.0,68.5,29.8
2016-04-20,133.0,161.0,67.25,30.3
2016-04-21,135.0,166.0,67.25,31.3
2016-04-22,131.0,162.0,66.5,31.0
2016-04-25,132.0,162.0,66.0,30.3
2016-04-26,133.5,163.5,67.0,30.2
2016-04-27,132.0,162.0,66.0,30.3
2016-04-28,131.0,162.0,65.0,30.3
2016-04-29,133.5,166.0,66.0,30.4
2016-05-02,133.5,166.0,66.0,30.4
2016-05-03,131.5,165.0,66.25,29.7
2016-05-04,132.0,163.0,63.75,29.3
2016-05-05,132.0,163.0,63.75,29.3
2016-05-06,132.0,163.0,63.75,29.3
2016-05-09,130.0,163.0,62.0,29.9
2016-05-10,129.0,161.0,63.5,29.4
2016-05-11,126.0,158.0,64.25,29.2
2016-05-12,127.0,159.5,64.5,30.5
2016-05-13,125.0,159.0,67.0,30.0
2016-05-16,125.5,160.0,67.75,30.7
2016-05-17,128.0,163.5,66.75,31.2
2016-05-18,126.0,162.0,66.25,31.1
2016-05-19,125.0,159.0,62.75,30.3
2016-05-20,125.0,159.0,62.75,30.3
2016-05-23,124.5,161.5,62.75,29.9
2016-05-24,125.0,161.5,64.0,29.5
2016-05-25,128.0,164.0,63.5,30.0
2016-05-26,128.0,166.0,63.25,30.5
2016-05-27,129.5,168.0,63.75,30.7
2016-05-30,132.5,173.0,63.25,31.0
2016-05-31,134.0,174.0,63.5,30.1
2016-06-01,137.0,173.0,62.75,29.9
2016-06-02,137.0,173.0,64.25,30.5
2016-06-03,139.0,175.5,66.25,30.6
2016-06-06,140.5,176.0,65.0,30.8
2016-06-07,143.0,176.5,64.0,30.9
2016-06-08,141.0,173.5,64.0,31.7
2016-06-09,137.5,170.5,64.5,31.9
2016-06-10,136.0,169.5,64.0,31.7
2016-06-13,134.0,165.5,63.25,31.6
2016-06-14,136.0,167.0,63.0,31.7
2016-06-15,135.0,167.5,63.75,31.9
2016-06-16,132.0,162.5,62.0,31.3
2016-06-17,134.0,163.0,61.5,31.7
2016-06-20,134.5,161.0,61.75,31.8
2016-06-21,133.0,164.0,59.75,31.9
2016-06-22,131.5,164.0,58.5,32.0
2016-06-23,135.0,169.0,58.75,32.4
2016-06-24,132.0,166.0,57.5,30.8
2016-06-27,133.5,167.0,58.5,30.9
2016-06-28,136.0,169.5,59.75,31.2
2016-06-29,139.5,174.5,59.75,31.2
2016-06-30,139.0,170.0,60.0,31.3
2016-07-01,139.0,170.0,60.0,31.3
2016-07-04,144.0,177.5,61.25,31.4
2016-07-05,144.0,179.5,59.25,31.2
2016-07-06,142.0,177.5,59.75,31.0
2016-07-07,145.0,177.0,59.5,31.4
2016-07-08,145.0,175.0,59.5,31.2
2016-07-11,148.5,178.5,60.25,30.9
2016-07-12,148.5,178.5,60.25,31.3
2016-07-13,149.5,177.0,60.75,31.5
2016-07-14,151.0,178.5,61.75,32.4
2016-07-15,151.0,180.0,63.0,32.7
2016-07-18,151.0,180.0,63.0,32.7
2016-07-19,151.0,180.0,63.0,32.7
2016-07-20,153.5,182.0,62.0,33.7
2016-07-21,149.5,182.0,61.0,33.6
2016-07-22,150.5,179.0,61.5,34.2
2016-07-25,152.0,181.0,61.25,33.9
2016-07-26,151.0,179.5,61.75,32.9
2016-07-27,152.5,184.0,61.5,33.0
2016-07-28,159.5,195.0,60.75,33.4
2016-07-29,158.5,197.5,60.75,33.0
2016-08-01,160.0,195.0,60.0,32.7
2016-08-02,155.0,191.0,60.0,31.9
2016-08-03,157.0,193.0,60.0,32.1
2016-08-04,154.5,189.0,61.25,33.2
2016-08-05,156.5,190.5,61.25,33.5
2016-08-08,163.5,200.0,62.25,33.7
2016-08-09,164.5,201.0,64.75,33.8
2016-08-10,164.5,200.0,65.5,33.7
2016-08-11,162.5,199.5,65.75,33.8
2016-08-12,162.5,199.5,65.75,33.8
2016-08-15,160.5,200.0,67.0,34.4
2016-08-16,158.0,197.5,67.5,34.4
2016-08-17,157.5,194.5,67.0,34.2
2016-08-18,160.0,197.0,68.25,34.7
2016-08-19,157.5,195.0,66.25,34.9
2016-08-22,158.0,197.0,68.25,35.0
2016-08-23,157.0,196.0,67.5,34.5
2016-08-24,158.5,198.0,68.0,34.7
2016-08-25,157.0,195.0,69.5,34.6
2016-08-26,160.5,198.0,69.25,35.1
2016-08-29,160.0,197.5,69.75,35.2
2016-08-30,160.5,198.0,71.5,35.4
2016-08-31,160.0,197.5,70.75,34.9
2016-09-01,160.5,199.0,71.5,34.5
2016-09-02,155.5,193.0,70.75,33.5
2016-09-05,150.5,189.0,69.5,33.3
2016-09-06,148.5,189.0,69.25,33.3
2016-09-07,149.5,190.0,69.0,33.3
2016-09-08,147.5,188.0,65.25,33.3
2016-09-09,145.5,185.5,65.75,32.5
2016-09-12,143.5,180.0,64.75,31.1
2016-09-13,152.0,186.0,67.25,32.3
2016-09-14,154.0,189.0,65.75,32.1
2016-09-15,151.5,188.0,66.25,31.9
2016-09-16,153.5,187.5,66.75,32.6
2016-09-19,152.5,188.0,69.75,32.9
2016-09-20,150.5,185.5,68.5,32.6
2016-09-21,152.0,188.5,68.75,33.3
2016-09-22,154.0,191.0,69.75,33.7
2016-09-23,152.5,187.5,68.25,33.3
2016-09-26,151.0,189.0,68.25,33.1
2016-09-27,150.5,188.0,68.0,33.1
2016-09-28,150.0,186.5,68.75,32.9
2016-09-29,149.5,189.0,70.5,34.2
2016-09-30,148.0,187.5,68.5,33.9
2016-10-03,149.5,188.0,69.75,34.7
2016-10-04,152.0,195.0,70.5,34.6
2016-10-05,151.0,193.0,71.5,34.7
2016-10-06,151.5,194.0,72.0,34.7
2016-10-07,151.0,192.0,71.0,34.5
2016-10-10,145.0,185.5,68.0,33.5
2016-10-11,143.0,185.0,69.5,33.7
2016-10-12,140.0,182.0,68.5,33.7
2016-10-13,142.0,187.0,67.75,33.8
2016-10-14,149.0,189.5,68.75,35.3
2016-10-17,147.0,179.5,70.25,35.2
2016-10-18,146.0,176.0,69.5,35.5
2016-10-19,144.5,176.5,69.25,35.4
2016-10-20,146.0,178.5,69.25,35.7
2016-10-21,146.0,176.5,69.75,35.2
2016-10-24,146.0,176.5,69.75,35.2
2016-10-25,145.5,175.0,71.75,35.4
2016-10-26,144.0,172.0,70.0,34.7
2016-10-27,144.5,173.0,70.25,35.1
2016-10-28,144.0,172.0,69.75,34.9
2016-10-31,143.5,172.0,70.0,34.6
2016-11-01,143.0,170.5,72.25,34.6
2016-11-02,144.0,170.0,73.0,34.2
2016-11-03,142.5,167.0,73.5,34.0
2016-11-04,140.0,166.5,73.0,33.7
2016-11-07,143.5,170.0,73.75,34.6
2016-11-08,145.5,171.5,73.75,34.9
2016-11-09,144.0,170.5,71.75,34.5
2016-11-10,146.0,172.0,75.0,34.1
2016-11-11,141.5,169.5,73.75,33.5
2016-11-14,138.0,168.0,71.5,32.7
2016-11-15,141.5,168.0,72.0,33.7
2016-11-16,140.0,166.5,70.75,33.7
2016-11-17,144.0,170.0,71.5,34.0
2016-11-18,144.0,170.0,71.25,34.4
2016-11-21,142.5,170.0,71.0,34.1
2016-11-22,143.5,170.0,71.75,34.4
2016-11-23,145.0,171.5,73.0,35.0
2016-11-24,143.0,169.5,72.75,34.9
2016-11-25,144.5,171.5,73.0,34.8
2016-11-28,144.5,170.5,72.0,34.4
2016-11-29,145.0,169.0,72.0,34.2
2016-11-30,146.5,169.5,74.0,34.9
2016-12-01,145.0,170.0,73.0,36.4
2016-12-02,145.0,170.0,71.25,35.6
2016-12-05,145.0,170.0,71.25,35.6
2016-12-06,146.0,169.0,72.75,36.7
2016-12-07,148.0,171.0,73.0,36.5
2016-12-08,149.0,174.0,72.5,36.2
2016-12-09,150.0,174.0,72.5,36.9
2016-12-12,150.0,174.0,72.5,36.9
2016-12-13,149.5,173.0,72.25,36.8
2016-12-14,146.0,171.0,71.5,36.6
2016-12-15,147.0,170.0,71.75,36.2
2016-12-16,146.0,170.0,73.0,36.3
2016-12-19,147.0,171.0,72.25,36.5
2016-12-20,145.5,171.0,72.25,36.4
2016-12-21,145.5,171.0,71.75,36.3
2016-12-22,146.0,172.0,71.0,36.3
2016-12-23,146.5,173.0,71.75,36.5
2016-12-26,148.5,174.0,71.25,36.5
2016-12-27,148.5,175.0,70.5,36.5
2016-12-28,149.0,174.5,71.0,36.9
2016-12-29,151.0,176.0,72.25,37.5
2016-12-30,152.5,177.5,72.25,37.2
2016-12-30,152.5,177.5,72.25,37.2
2017-01-02,152.5,177.5,72.25,37.2
2017-01-03,152.5,177.5,72.25,37.2
2017-01-04,156.0,182.0,73.0,38.0
2017-01-05,156.5,183.5,71.75,38.7
2017-01-06,156.5,183.0,70.25,38.9
2017-01-09,156.5,186.0,69.25,38.3
2017-01-10,157.5,189.0,69.0,38.8
2017-01-11,157.0,190.5,68.75,38.5
2017-01-12,155.5,188.5,69.5,38.3
2017-01-13,157.5,187.5,70.25,38.6
2017-01-16,155.0,185.5,70.25,38.9
2017-01-17,155.0,185.0,70.0,38.7
2017-01-18,156.0,185.0,70.0,38.5
2017-01-19,155.0,182.0,70.0,38.5
2017-01-20,150.5,184.0,71.25,38.6
2017-01-23,150.5,186.0,72.0,38.9
2017-01-24,150.5,187.0,71.5,40.8
2017-01-25,152.0,191.0,72.25,41.0
2017-01-26,153.5,190.0,72.25,42.0
2017-01-27,152.5,187.5,72.5,41.8
2017-01-30,152.5,189.0,72.5,41.8
2017-01-31,151.0,188.5,71.75,40.4
2017-02-01,152.0,191.0,71.75,40.4
2017-02-02,151.0,189.5,71.0,40.4
2017-02-03,153.0,191.0,72.0,41.0
2017-02-06,154.5,195.5,72.25,41.6
2017-02-07,154.0,195.5,71.75,41.0
2017-02-08,154.0,195.5,72.75,40.8
2017-02-09,154.0,198.5,73.25,39.4
2017-02-10,154.0,198.0,73.25,39.6
2017-02-13,154.0,198.0,73.25,39.6
2017-02-14,154.0,194.5,72.25,38.6
2017-02-15,153.5,193.0,74.75,39.7
2017-02-16,154.0,195.0,76.5,39.4
2017-02-17,154.0,197.5,77.25,39.6
2017-02-20,154.0,197.0,78.25,39.7
2017-02-21,152.5,193.0,77.25,39.7
2017-02-22,152.5,193.0,77.75,40.2
2017-02-23,151.0,190.5,77.5,39.8
2017-02-24,153.0,189.5,77.75,39.9
2017-02-27,152.0,187.5,74.5,40.0
2017-02-28,154.0,191.5,75.25,39.7
2017-03-01,155.0,195.0,76.5,39.9
2017-03-02,155.5,196.0,76.25,39.9
2017-03-03,155.0,195.0,76.25,39.6
2017-03-06,154.0,192.0,74.75,38.8
2017-03-07,153.0,192.0,73.75,38.9
2017-03-08,154.5,192.0,75.5,39.4
2017-03-09,156.0,190.0,74.0,39.0
2017-03-10,154.5,190.0,75.75,39.0
2017-03-13,155.0,189.0,75.5,39.4
2017-03-14,155.0,190.0,76.75,39.7
2017-03-15,154.0,189.5,75.75,39.5
2017-03-16,157.0,192.5,76.5,39.7
2017-03-17,158.0,193.0,76.25,39.6
2017-03-20,158.0,192.0,75.75,40.2
2017-03-21,159.5,193.0,76.75,40.6
2017-03-22,158.0,190.5,76.5,40.6
2017-03-23,159.5,191.0,75.5,40.2
2017-03-24,160.5,191.0,75.5,40.8
2017-03-27,161.5,191.0,75.25,40.4
2017-03-28,162.0,192.0,75.5,40.4
2017-03-29,162.5,192.5,76.0,39.5
2017-03-30,163.0,191.0,76.25,39.5
2017-03-31,163.0,189.0,75.5,38.7
2017-04-03,163.0,190.5,76.25,39.2
2017-04-04,161.5,192.5,75.75,39.2
2017-04-05,163.0,193.5,75.0,39.0
2017-04-06,163.0,193.5,75.0,39.0
2017-04-07,164.0,193.5,74.5,39.2
2017-04-10,163.0,193.5,75.25,39.5
2017-04-11,164.5,195.5,77.75,39.4
2017-04-12,165.0,195.0,78.0,39.7
2017-04-13,165.0,195.0,78.0,39.7
2017-04-14,165.0,195.0,78.0,39.7
2017-04-17,163.5,193.5,76.75,39.3
2017-04-18,163.5,192.5,76.25,39.2
2017-04-19,160.0,186.0,76.25,39.3
2017-04-20,160.0,188.5,75.5,39.2
2017-04-21,160.0,189.0,76.0,39.0
2017-04-24,155.5,185.5,76.5,38.9
2017-04-25,156.0,185.0,76.75,39.0
2017-04-26,157.0,185.0,77.5,38.8
2017-04-27,156.0,183.5,77.0,38.8
2017-04-28,156.0,185.0,78.0,38.9
2017-05-01,156.0,185.0,78.0,38.9
2017-05-02,155.0,187.0,77.0,38.9
2017-05-03,155.5,189.0,77.25,38.9
2017-05-04,157.0,193.0,78.25,39.0
2017-05-05,157.5,192.0,78.0,39.0
2017-05-08,157.5,192.5,77.5,38.9
2017-05-09,156.5,193.0,76.5,38.7
2017-05-10,156.5,193.0,76.5,38.7
2017-05-11,156.0,189.5,76.5,38.6
2017-05-12,154.5,189.5,75.0,38.1
2017-05-15,152.0,185.0,75.5,38.6
2017-05-16,150.5,182.5,74.25,39.3
2017-05-17,152.0,185.0,74.5,38.9
2017-05-18,151.0,185.0,75.25,39.2
2017-05-19,152.0,187.0,75.25,39.3
2017-05-22,154.5,190.5,75.25,39.3
2017-05-23,156.0,191.5,76.25,39.3
2017-05-24,155.5,190.5,75.75,39.5
2017-05-25,154.5,190.0,75.0,39.4
2017-05-26,154.5,190.0,76.25,39.3
2017-05-29,154.0,190.5,75.5,39.4
2017-05-30,155.0,190.5,76.75,39.2
2017-05-31,153.0,187.5,77.0,39.3
2017-06-01,155.5,190.0,75.75,39.0
2017-06-02,156.0,189.0,77.75,39.1
2017-06-05,156.5,190.5,77.5,38.3
2017-06-06,155.5,189.5,77.75,38.5
2017-06-07,154.5,188.0,77.75,38.5
2017-06-08,156.0,188.0,77.75,38.2
2017-06-09,153.5,189.0,77.5,38.3
2017-06-12,154.5,190.0,78.0,38.1
2017-06-13,154.5,191.5,79.75,38.5
2017-06-14,155.0,192.0,79.5,38.4
2017-06-15,154.5,189.5,79.25,38.0
2017-06-16,155.5,192.0,79.0,37.9
2017-06-19,156.0,192.0,78.5,38.0
2017-06-20,154.5,192.0,78.5,38.4
2017-06-21,154.0,193.5,78.25,37.7
2017-06-22,154.0,192.5,78.5,37.8
2017-06-23,154.0,193.0,78.25,38.0
2017-06-26,154.0,194.0,77.75,37.9
2017-06-27,155.5,195.5,78.0,38.0
2017-06-28,155.5,198.0,78.5,37.7
2017-06-29,155.5,199.0,78.25,37.5
2017-06-30,155.5,198.5,79.0,37.0
2017-07-03,157.0,197.0,76.75,37.3
2017-07-04,155.0,199.0,75.25,37.4
2017-07-05,156.5,199.0,78.25,37.3
2017-07-06,153.5,198.0,78.25,36.9
2017-07-07,154.5,196.0,78.5,37.4
2017-07-10,154.5,196.0,78.5,37.4
2017-07-11,155.5,199.0,79.0,37.3
2017-07-12,157.0,203.0,79.25,37.2
2017-07-13,157.5,203.0,79.75,37.6
2017-07-14,156.0,202.0,78.5,37.4
2017-07-17,157.5,200.0,79.25,37.6
2017-07-18,154.0,197.5,80.0,38.0
2017-07-19,153.5,198.5,83.5,38.0
2017-07-20,152.0,195.5,82.25,37.8
2017-07-21,151.0,197.0,84.0,37.8
2017-07-24,152.5,198.5,83.25,37.8
2017-07-25,152.0,197.5,83.75,38.5
2017-07-26,152.0,198.5,85.0,38.8
2017-07-27,150.5,197.5,85.5,38.8
2017-07-28,150.5,197.5,85.5,38.8
2017-07-31,147.0,192.5,85.75,38.8
2017-08-01,145.5,190.0,86.25,38.6
2017-08-02,145.5,190.0,86.0,38.1
2017-08-03,145.0,188.5,85.25,38.0
2017-08-04,143.0,188.5,87.25,38.1
2017-08-07,141.5,189.0,86.25,38.2
2017-08-08,143.5,193.5,87.0,38.2
2017-08-09,144.0,193.5,87.0,38.4
2017-08-10,143.0,194.0,89.0,38.2
2017-08-11,143.5,193.5,87.25,38.1
2017-08-14,143.5,193.5,87.25,38.1
2017-08-15,144.0,192.5,88.75,38.4
2017-08-16,141.0,191.0,88.5,38.4
2017-08-17,142.0,190.0,87.25,38.5
2017-08-18,142.5,191.0,88.25,38.9
2017-08-21,142.5,191.0,89.25,39.3
2017-08-22,143.5,194.5,90.5,39.2
2017-08-23,144.5,197.5,90.75,39.4
2017-08-24,144.5,196.5,90.5,39.3
2017-08-25,144.0,197.5,93.25,39.4
2017-08-28,144.5,200.0,91.75,39.4
2017-08-29,148.5,203.0,94.5,40.0
2017-08-30,150.5,205.0,92.75,40.2
2017-08-31,150.5,201.0,94.25,39.9
2017-09-01,151.0,204.0,93.25,40.0
2017-09-04,149.5,204.0,92.5,39.9
2017-09-05,148.0,202.0,91.0,40.0
2017-09-06,147.0,201.0,91.0,39.8
2017-09-07,147.5,205.0,89.0,40.6
2017-09-08,149.0,208.0,90.5,40.6
2017-09-11,150.0,213.0,91.5,40.4
2017-09-12,151.5,211.0,91.25,40.6
2017-09-13,152.0,211.0,92.0,40.4
2017-09-14,153.5,218.0,93.5,41.0
2017-09-15,155.5,214.0,92.5,41.2
2017-09-18,156.0,216.0,93.0,41.6
2017-09-19,154.5,216.0,92.0,42.0
2017-09-20,154.5,213.0,90.75,41.6
2017-09-21,153.5,210.0,91.25,41.4
2017-09-22,153.5,206.0,92.0,40.6
2017-09-25,154.5,209.0,92.5,41.2
2017-09-26,154.0,208.0,93.25,41.8
2017-09-27,154.5,209.0,93.5,41.8
2017-09-28,153.5,206.0,93.5,41.4
2017-09-29,153.0,207.0,92.5,40.8
2017-10-02,155.0,208.0,94.0,41.8
2017-10-03,154.0,207.0,94.0,42.2
2017-10-04,153.0,207.0,94.25,42.4
2017-10-05,152.0,208.0,94.75,41.8
2017-10-06,151.0,207.0,99.5,42.0
2017-10-09,150.5,207.0,99.5,41.8
2017-10-10,150.0,212.0,99.5,42.8
2017-10-11,150.5,217.0,98.75,43.0
2017-10-12,151.5,216.0,100.5,42.4
2017-10-13,151.5,216.0,100.5,42.4
2017-10-16,151.0,217.0,103.5,42.8
2017-10-17,150.5,217.0,103.5,43.0
2017-10-18,148.0,215.0,102.0,42.2
2017-10-19,148.5,212.0,103.0,41.6
2017-10-20,147.0,213.0,104.5,41.0
2017-10-23,147.0,213.0,104.5,41.0
2017-10-24,145.5,210.0,109.0,41.0
2017-10-25,147.0,212.0,105.5,41.0
2017-10-26,147.0,212.0,105.5,41.0
2017-10-27,147.0,213.0,102.5,41.6
2017-10-30,147.0,220.0,103.5,42.0
2017-10-31,146.5,220.0,102.0,42.0
2017-11-01,146.5,224.0,98.75,42.0
2017-11-02,146.0,223.0,97.75,41.6
2017-11-03,146.5,223.0,98.0,41.6
2017-11-06,147.0,220.0,98.5,42.2
2017-11-07,146.5,220.0,99.0,42.4
2017-11-08,149.0,222.0,98.75,42.0
2017-11-09,148.5,220.0,97.75,41.6
2017-11-10,149.0,217.0,94.0,41.4
2017-11-13,150.5,217.0,92.25,41.4
2017-11-14,150.5,224.0,95.5,41.8
2017-11-15,147.5,220.0,93.25,41.2
2017-11-16,147.5,221.0,93.5,41.0
2017-11-17,149.0,224.0,93.75,41.8
2017-11-20,150.0,223.0,94.25,41.6
2017-11-21,149.0,223.0,93.75,41.4
2017-11-22,150.0,224.0,94.25,41.4
2017-11-23,149.5,223.0,96.25,41.2
2017-11-24,148.5,222.0,92.5,41.4
2017-11-27,147.5,221.0,92.25,41.6
2017-11-28,147.0,222.0,93.0,41.4
2017-11-29,149.5,229.0,95.25,41.2
2017-11-30,152.5,227.0,93.0,41.2
2017-12-01,153.5,223.0,93.5,42.0
2017-12-04,154.0,225.0,93.75,42.0
2017-12-05,154.0,225.0,93.75,42.0
2017-12-06,152.5,229.0,96.0,42.2
2017-12-07,151.5,230.0,97.75,42.0
2017-12-08,151.0,228.0,99.25,42.2
2017-12-11,151.0,228.0,99.25,42.2
2017-12-12,152.5,226.0,97.75,42.8
2017-12-13,151.0,224.0,99.0,42.6
2017-12-14,150.5,228.0,102.0,43.0
2017-12-15,149.5,230.0,102.5,43.2
2017-12-18,149.5,230.0,104.5,43.6
2017-12-19,151.0,231.0,105.5,43.8
2017-12-20,151.0,234.0,105.5,44.0
2017-12-21,151.0,233.0,104.0,43.8
2017-12-22,150.5,233.0,101.0,44.6
2017-12-25,152.0,234.0,103.5,44.8
2017-12-26,149.5,235.0,103.5,44.0
2017-12-27,149.0,235.0,103.5,44.0
2017-12-28,148.0,233.0,102.5,43.8
2017-12-29,150.0,232.0,103.5,44.0
2018-01-01,150.0,232.0,103.5,44.0
2018-01-02,150.0,232.0,103.5,44.0
2018-01-03,150.0,237.0,107.0,45.0
2018-01-04,149.5,242.0,106.5,47.2
2018-01-05,148.0,241.0,107.0,46.8
2018-01-08,150.0,241.0,104.5,46.6
2018-01-09,149.5,235.0,104.0,46.6
2018-01-10,150.0,233.0,99.5,47.0
2018-01-11,154.5,233.0,101.0,47.2
2018-01-12,158.5,238.0,102.0,47.0
2018-01-15,162.0,234.0,101.5,48.4
2018-01-16,161.0,234.0,101.5,48.2
2018-01-17,162.0,232.0,99.5,48.4
2018-01-18,157.0,227.0,99.0,48.0
2018-01-19,153.5,227.0,100.5,47.8
2018-01-22,154.0,221.0,100.5,48.4
2018-01-23,158.0,227.0,102.0,48.8
2018-01-24,156.5,226.0,101.0,49.2
2018-01-25,156.0,226.0,101.5,48.6
2018-01-26,158.0,229.0,105.0,49.0
2018-01-29,159.0,232.0,105.0,49.8
2018-01-30,155.5,234.0,103.5,49.0
2018-01-31,157.5,230.0,102.5,49.2
2018-02-01,157.5,229.0,104.0,49.8
2018-02-02,155.5,230.0,102.0,50.2
2018-02-05,153.5,229.0,100.5,50.0
2018-02-06,151.5,228.0,100.5,48.4
2018-02-07,149.5,227.0,101.0,48.4
2018-02-08,150.0,223.0,99.25,48.0
2018-02-09,148.0,224.0,99.0,48.0
2018-02-12,149.0,225.0,99.0,48.8
2018-02-13,149.5,225.0,99.0,48.8
2018-02-14,148.5,224.0,101.0,48.0
2018-02-15,148.5,228.0,100.0,48.6
2018-02-16,149.0,228.0,101.0,48.6
2018-02-19,149.0,228.0,102.0,48.8
2018-02-20,148.0,227.0,102.0,49.0
2018-02-21,149.0,228.0,101.0,52.2
2018-02-22,146.5,225.0,99.5,54.0
2018-02-23,148.5,226.0,100.5,53.8
2018-02-26,148.5,230.0,104.5,56.6
2018-02-27,148.5,233.0,101.5,57.4
2018-02-28,149.0,232.0,103.0,56.8
2018-03-01,149.0,232.0,103.0,56.8
2018-03-02,148.5,230.0,99.75,55.6
2018-03-05,148.5,228.0,98.0,56.2
2018-03-06,147.5,228.0,98.0,55.2
2018-03-07,147.0,227.0,96.5,54.0
2018-03-08,146.5,228.0,97.0,53.2
2018-03-09,148.5,230.0,96.5,53.4
2018-03-12,149.0,232.0,98.5,55.8
2018-03-13,149.0,228.0,99.0,56.6
2018-03-14,148.0,225.0,100.5,56.0
2018-03-15,150.0,224.0,99.5,55.8
2018-03-16,148.0,223.0,99.25,54.8
2018-03-19,148.0,223.0,98.5,53.6
2018-03-20,147.0,225.0,96.5,54.2
2018-03-21,146.0,222.0,96.25,54.2
2018-03-22,145.0,220.0,96.25,54.4
2018-03-23,145.5,221.0,95.25,55.0
2018-03-26,145.0,222.0,95.75,56.0
2018-03-27,145.0,222.0,95.25,56.0
2018-03-28,141.5,213.0,94.25,56.0
2018-03-29,143.5,212.0,90.75,54.8
2018-03-30,143.0,212.0,91.75,55.2
2018-04-02,145.0,214.0,92.0,55.2
2018-04-03,143.5,212.0,90.0,54.6
2018-04-04,140.0,195.5,89.0,53.2
2018-04-05,138.0,192.0,91.5,54.2
2018-04-06,138.0,192.0,91.5,54.2
2018-04-09,140.0,193.0,92.0,55.0
2018-04-10,140.5,197.0,90.75,55.2
2018-04-11,141.5,201.0,92.0,54.6
2018-04-12,141.0,200.0,93.75,55.0
2018-04-13,141.0,200.0,93.75,55.0
2018-04-16,141.0,200.0,93.75,55.0
2018-04-17,136.5,199.5,92.5,54.6
2018-04-18,138.0,202.0,94.0,55.0
2018-04-19,137.5,197.5,95.75,58.0
2018-04-20,138.5,197.5,93.0,58.8
2018-04-23,136.0,196.5,93.0,57.2
2018-04-24,133.0,194.5,92.5,58.0
2018-04-25,130.5,190.0,90.5,57.5
2018-04-26,131.5,193.5,92.5,56.5
2018-04-27,133.0,195.0,93.0,56.5
2018-04-30,131.0,195.5,94.25,56.5
2018-05-01,131.0,195.5,94.25,56.5
2018-05-02,133.5,195.5,93.5,57.0
2018-05-03,130.5,191.0,94.0,57.5
2018-05-04,131.0,189.0,94.25,56.75
2018-05-07,132.5,192.5,96.25,56.75
2018-05-08,134.5,194.5,96.0,55.5
2018-05-09,133.0,190.5,94.0,56.25
2018-05-10,131.0,192.0,91.25,56.0
2018-05-11,134.0,195.0,90.0,56.75
2018-05-14,136.5,195.0,90.0,57.0
2018-05-15,134.5,194.0,88.5,56.5
2018-05-16,133.5,192.5,85.5,56.5
2018-05-17,132.0,189.0,88.0,57.25
2018-05-18,134.0,188.5,88.0,57.0
2018-05-21,135.5,193.0,88.5,57.0
2018-05-22,136.0,195.0,88.5,55.25
2018-05-23,136.5,194.5,87.5,53.5
2018-05-24,136.0,191.5,86.0,50.75
2018-05-25,137.5,192.0,88.5,52.0
2018-05-28,138.0,195.5,90.0,50.25
2018-05-29,138.0,195.5,90.0,50.25
2018-05-30,136.5,193.5,91.0,51.5
2018-05-31,133.0,191.5,92.0,52.25
2018-06-01,136.0,195.0,87.0,51.5
2018-06-04,134.5,196.5,88.75,51.75
2018-06-05,139.5,204.0,86.5,52.0
2018-06-06,140.0,203.0,88.25,52.5
2018-06-07,139.0,199.5,88.0,52.25
2018-06-08,136.0,194.5,87.5,51.0
2018-06-11,137.5,197.5,88.0,50.75
2018-06-12,138.0,199.5,87.0,51.5
2018-06-13,136.0,200.0,85.5,51.0
2018-06-14,135.0,200.0,81.5,51.0
2018-06-15,137.5,199.5,82.0,50.0
2018-06-18,133.5,199.5,79.75,49.0
2018-06-19,131.0,195.0,77.0,47.75
2018-06-20,131.0,198.5,81.75,48.75
2018-06-21,129.5,194.0,78.25,47.5
2018-06-22,128.5,193.0,80.0,48.0
2018-06-25,124.0,190.0,77.0,48.0
2018-06-26,124.5,193.0,78.5,48.0
2018-06-27,123.0,191.0,77.25,48.0
2018-06-28,117.5,189.5,77.5,47.5
2018-06-29,118.5,194.0,77.75,48.0
2018-07-02,120.5,193.0,73.75,47.75
2018-07-03,122.0,194.5,75.25,47.5
2018-07-04,125.0,197.5,72.25,47.75
2018-07-05,122.5,194.5,70.25,46.25
2018-07-06,125.0,197.0,69.0,46.25
2018-07-09,123.0,193.5,70.5,47.0
2018-07-10,123.5,195.5,76.5,48.75
2018-07-11,121.5,195.0,77.0,48.5
2018-07-12,124.0,195.0,77.5,48.0
2018-07-13,124.5,194.5,76.75,47.5
2018-07-16,122.0,193.5,78.25,47.5
2018-07-17,123.0,197.5,78.0,47.75
2018-07-18,125.0,199.5,77.0,49.5
2018-07-19,126.5,198.5,78.25,49.5
2018-07-20,132.0,210.0,79.5,51.5
2018-07-23,132.0,213.0,83.0,51.0
2018-07-24,131.5,208.0,82.0,50.25
2018-07-25,133.0,210.0,81.25,51.0
2018-07-26,136.5,215.0,81.5,51.75
2018-07-27,136.5,215.0,81.5,51.75
2018-07-30,136.5,215.0,81.5,51.75
2018-07-31,140.0,217.0,80.25,51.25
2018-08-01,141.0,217.0,83.0,52.5
2018-08-02,141.0,212.0,82.25,52.0
2018-08-03,141.5,216.0,82.75,51.75
2018-08-06,141.5,217.0,80.75,51.5
2018-08-07,143.0,214.0,80.25,52.25
2018-08-08,143.0,216.0,78.75,53.0
2018-08-09,147.5,217.0,78.75,52.5
2018-08-10,145.5,217.0,80.0,51.75
2018-08-13,145.5,217.0,80.0,51.75
2018-08-14,143.5,215.0,80.5,51.75
2018-08-15,144.5,213.0,81.0,51.0
2018-08-16,144.0,212.0,83.0,50.5
2018-08-17,144.0,215.0,83.5,51.5
2018-08-20,146.0,216.0,84.0,52.25
2018-08-21,144.5,216.0,83.25,51.75
2018-08-22,145.0,217.0,85.5,51.75
2018-08-23,147.0,217.0,85.0,52.0
2018-08-24,147.0,215.0,85.0,51.75
2018-08-27,147.5,218.0,85.5,52.0
2018-08-28,145.5,215.0,84.25,52.5
2018-08-29,146.0,215.0,84.75,52.5
2018-08-30,146.5,213.0,83.5,52.0
2018-08-31,148.0,211.0,84.25,52.5
2018-09-03,146.5,212.0,86.0,52.75
2018-09-04,145.5,212.0,85.75,52.25
2018-09-05,141.5,208.0,84.75,50.5
2018-09-06,144.5,210.0,86.25,50.5
2018-09-07,145.5,208.0,85.25,50.0
2018-09-10,145.0,208.0,85.0,50.25
2018-09-11,143.5,203.0,83.75,48.75
2018-09-12,147.0,206.0,83.75,49.5
2018-09-13,149.5,214.0,84.5,52.0
2018-09-14,149.5,217.0,86.0,51.75
2018-09-17,147.0,212.0,84.75,51.0
2018-09-18,149.0,216.0,84.5,52.0
2018-09-19,148.5,216.0,86.75,52.5
2018-09-20,149.5,214.0,89.0,53.5
2018-09-21,149.0,217.0,87.5,53.75
2018-09-24,148.0,215.0,87.0,54.0
2018-09-25,148.5,215.0,86.25,54.0
2018-09-26,144.5,213.0,86.5,54.25
2018-09-27,148.0,214.0,88.0,54.0
2018-09-28,149.0,216.0,88.5,54.25
2018-10-01,147.0,215.0,87.5,54.75
2018-10-02,146.5,213.0,86.5,54.5
2018-10-03,146.5,213.0,86.25,53.5
2018-10-04,144.5,214.0,84.0,53.0
2018-10-05,143.5,211.0,84.0,52.5
2018-10-08,143.5,209.0,82.75,51.75
2018-10-09,141.5,210.0,82.75,52.25
2018-10-10,143.5,213.0,84.25,54.0
2018-10-11,140.5,209.0,82.5,51.0
2018-10-12,141.5,209.0,83.0,51.5
2018-10-15,141.5,209.0,83.0,51.5
2018-10-16,142.0,209.0,82.5,51.0
2018-10-17,142.0,207.0,85.75,51.0
2018-10-18,143.0,206.0,84.0,51.0
2018-10-19,142.0,202.0,81.0,50.5
2018-10-22,140.5,207.0,80.75,50.25
2018-10-23,140.5,207.0,80.75,50.25
2018-10-24,136.0,205.0,77.5,48.5
2018-10-25,140.0,209.0,81.25,49.5
2018-10-26,137.5,206.0,79.75,48.25
2018-10-29,135.0,199.5,80.25,48.75
2018-10-30,135.0,196.5,80.25,49.25
2018-10-31,137.5,199.5,84.75,51.0
2018-11-01,138.0,203.0,84.25,49.5
2018-11-02,142.0,204.0,84.75,49.75
2018-11-05,141.0,201.0,83.0,49.25
2018-11-06,139.5,204.0,81.75,49.75
2018-11-07,139.0,206.0,84.25,50.25
2018-11-08,139.0,206.0,85.0,50.75
2018-11-09,139.5,207.0,81.0,49.75
2018-11-12,138.0,201.0,79.75,49.75
2018-11-13,137.0,202.0,78.5,50.0
2018-11-14,137.5,200.0,75.5,49.0
2018-11-15,137.5,199.0,75.75,48.75
2018-11-16,138.0,198.5,77.25,48.75
2018-11-19,136.5,196.5,76.25,48.75
2018-11-20,133.0,192.0,75.25,48.5
2018-11-21,134.5,193.5,74.25,48.25
2018-11-22,133.0,190.5,73.75,48.0
2018-11-23,135.0,192.5,74.5,48.75
2018-11-26,138.0,193.5,74.0,48.5
2018-11-27,137.5,195.0,73.75,48.75
2018-11-28,137.5,191.5,75.0,49.0
2018-11-29,136.5,192.0,75.0,49.25
2018-11-30,139.0,193.5,76.0,49.25
2018-12-03,141.5,196.5,77.75,51.75
2018-12-04,142.0,198.0,77.0,51.5
2018-12-05,142.0,198.0,77.0,51.5
2018-12-06,139.5,193.5,75.0,50.25
2018-12-07,139.0,192.5,73.5,49.5
2018-12-10,139.0,192.5,73.5,49.5
2018-12-11,139.5,191.0,72.5,49.25
2018-12-12,140.5,190.0,72.25,49.0
2018-12-13,142.5,188.0,68.5,47.5
2018-12-14,138.5,185.0,68.25,47.75
2018-12-17,135.0,185.0,68.25,48.0
2018-12-18,136.5,185.0,66.25,47.25
2018-12-19,138.5,188.5,66.0,47.0
2018-12-20,138.0,188.0,66.0,46.75
2018-12-21,137.5,188.0,67.0,47.5
2018-12-24,135.0,185.5,66.75,47.5
2018-12-25,132.0,182.5,65.25,45.25
2018-12-26,132.0,183.0,65.75,45.5
2018-12-27,133.0,182.5,65.0,45.5
2018-12-28,133.5,185.0,66.25,46.0
2018-12-31,133.5,185.0,66.25,46.0
2019-01-01,133.5,185.0,66.25,46.0
2019-01-02,134.5,185.0,63.75,46.25
2019-01-03,135.0,186.0,63.75,45.5
2019-01-04,133.0,186.0,67.25,46.75
2019-01-07,135.0,188.0,69.75,48.0
2019-01-08,134.5,186.5,69.75,48.0
2019-01-09,135.5,186.0,69.75,48.25
2019-01-10,136.0,180.0,69.75,48.75
2019-01-11,133.5,181.5,70.5,49.25
2019-01-14,134.0,181.0,67.5,48.0
2019-01-15,134.0,182.0,67.25,47.75
2019-01-16,136.0,183.0,68.5,47.5
2019-01-17,136.5,184.5,68.5,47.25
2019-01-18,128.5,183.0,69.5,48.25
2019-01-21,128.5,187.5,71.75,48.75
2019-01-22,127.0,189.0,73.0,49.5
2019-01-23,129.5,190.5,72.5,49.5
2019-01-24,130.0,192.5,71.5,49.0
2019-01-25,130.5,193.5,71.0,48.75
2019-01-28,128.5,193.0,71.25,48.75
2019-01-29,130.0,193.5,69.0,48.25
2019-01-30,131.0,193.0,72.0,48.25
2019-01-31,133.0,200.0,72.0,48.5
2019-02-01,133.0,201.0,73.75,49.5
2019-02-04,132.5,202.0,74.75,49.25
2019-02-05,132.5,200.0,74.5,49.25
2019-02-06,135.0,202.0,74.5,48.75
2019-02-07,135.0,202.0,74.5,49.0
2019-02-08,134.0,199.0,74.0,48.5
2019-02-11,133.0,196.0,73.5,48.25
2019-02-12,134.0,197.0,73.25,48.5
2019-02-13,134.0,197.0,76.0,49.0
2019-02-14,133.5,197.0,75.25,48.25
2019-02-15,133.0,195.5,74.25,48.25
2019-02-18,132.5,197.0,73.75,48.5
2019-02-19,132.5,197.0,73.75,48.5
2019-02-20,134.0,194.5,74.25,49.0
2019-02-21,133.5,196.0,72.0,48.75
2019-02-22,135.0,195.0,73.75,49.25
2019-02-25,135.5,198.0,74.0,49.75
2019-02-26,136.0,199.0,73.5,49.0
2019-02-27,135.5,199.0,73.5,49.25
2019-02-28,134.0,197.5,72.25,48.5
2019-03-01,133.0,196.5,69.25,48.75
2019-03-04,132.5,194.5,69.75,48.75
2019-03-05,132.5,193.5,72.5,48.75
2019-03-06,131.5,189.5,72.25,47.5
2019-03-07,131.0,192.0,71.75,47.75
2019-03-08,131.0,193.0,71.0,47.5
2019-03-11,130.5,192.5,69.5,47.25
2019-03-12,130.0,193.0,70.25,47.25
2019-03-13,130.0,192.5,70.5,47.75
2019-03-14,130.0,192.5,69.5,48.0
2019-03-15,130.5,189.0,69.0,48.25
2019-03-18,131.0,189.0,68.5,47.75
2019-03-19,132.0,191.0,70.0,48.5
2019-03-20,131.0,191.5,69.75,48.25
2019-03-21,131.0,191.5,71.75,48.25
2019-03-22,135.0,193.0,72.0,48.75
2019-03-25,133.0,190.5,70.5,47.75
2019-03-26,133.5,192.5,70.5,48.0
2019-03-27,133.0,192.0,70.0,47.5
2019-03-28,133.0,188.0,70.0,47.5
2019-03-29,132.0,187.5,69.5,48.0
2019-04-01,130.0,186.5,70.25,48.0
2019-04-02,130.5,189.0,71.0,48.0
2019-04-03,130.5,189.5,71.75,48.25
2019-04-04,129.5,189.0,71.25,48.0
2019-04-05,130.5,190.0,70.75,47.75
2019-04-08,130.5,190.0,70.75,47.75
2019-04-09,131.0,193.0,71.5,48.0
2019-04-10,131.5,193.0,71.5,48.25
2019-04-11,131.5,190.5,72.0,48.25
2019-04-12,129.0,191.0,72.0,48.0
2019-04-15,129.0,191.0,72.0,48.0
2019-04-16,129.0,191.0,72.0,48.0
2019-04-17,129.5,191.5,72.0,48.5
2019-04-18,128.0,193.0,72.0,48.75
2019-04-19,129.0,190.0,73.0,48.5
2019-04-22,128.5,190.5,73.0,49.25
2019-04-23,129.0,191.5,72.5,49.5
2019-04-24,129.5,193.0,72.5,49.5
2019-04-25,130.0,193.0,71.75,49.5
2019-04-26,130.0,190.5,70.0,49.25
2019-04-29,129.5,190.0,69.0,48.75
2019-04-30,131.0,191.0,69.25,48.75
2019-05-01,131.0,191.0,69.25,48.75
2019-05-02,131.5,192.5,69.25,49.0
2019-05-03,130.5,192.5,69.0,49.25
2019-05-06,130.5,192.5,69.0,49.25
2019-05-07,129.0,190.5,67.75,48.75
2019-05-08,128.0,188.5,66.5,48.0
2019-05-09,127.5,187.5,66.5,47.5
2019-05-10,127.5,187.0,66.75,47.75
2019-05-13,126.0,187.0,65.0,47.5
2019-05-14,126.0,187.5,64.75,47.25
2019-05-15,123.5,187.5,64.25,47.25
2019-05-16,122.0,186.5,64.25,47.0
2019-05-17,121.0,186.0,63.0,46.5
2019-05-20,121.0,186.0,63.0,46.5
2019-05-21,123.5,188.0,62.5,46.25
2019-05-22,127.0,189.0,60.5,46.5
2019-05-23,127.5,187.5,59.0,45.75
2019-05-24,127.5,189.0,60.0,45.75
2019-05-27,127.5,189.5,59.25,46.25
2019-05-28,127.5,186.5,60.0,47.25
2019-05-29,128.5,183.5,59.25,46.5
2019-05-30,128.5,184.5,59.5,46.25
2019-05-31,129.5,186.5,59.25,46.25
2019-06-03,129.5,186.5,59.25,46.25
2019-06-04,131.0,190.0,59.5,46.5
2019-06-05,132.5,192.5,60.0,47.0
2019-06-06,132.5,192.5,59.5,47.0
2019-06-07,131.0,191.0,60.0,47.0
2019-06-10,132.0,192.0,61.0,47.25
2019-06-11,132.0,193.0,60.5,47.5
2019-06-12,134.0,193.5,60.25,47.0
2019-06-13,134.5,193.5,60.25,47.0
2019-06-14,133.5,193.5,60.25,46.5
2019-06-17,132.5,191.5,60.0,46.5
2019-06-18,133.5,190.0,60.5,47.5
2019-06-19,135.0,192.5,62.0,48.0
2019-06-20,135.0,193.5,64.25,48.75
2019-06-21,135.0,192.0,64.25,49.0
2019-06-24,134.0,190.5,66.5,49.0
2019-06-25,134.5,191.0,66.5,48.75
2019-06-26,137.0,188.5,66.5,48.5
2019-06-27,137.0,188.5,66.25,48.75
2019-06-28,139.5,188.0,66.5,48.75
2019-07-01,141.0,188.5,68.5,49.5
2019-07-02,141.0,188.5,68.0,48.5
2019-07-03,141.5,189.0,66.25,48.25
2019-07-04,139.0,187.0,65.25,48.25
2019-07-05,138.5,187.5,66.5,48.25
2019-07-08,139.0,187.0,66.25,48.25
2019-07-09,138.5,186.5,66.5,47.75
2019-07-10,139.0,188.5,68.0,48.25
2019-07-11,138.5,187.5,71.0,48.25
2019-07-12,137.5,188.0,72.5,47.75
2019-07-15,138.5,185.5,70.75,47.75
2019-07-16,138.5,185.5,70.75,47.75
2019-07-17,138.5,183.5,69.0,48.0
2019-07-18,139.5,180.0,69.0,47.75
2019-07-19,141.5,180.0,70.5,47.75
2019-07-22,141.0,179.0,71.25,47.75
2019-07-23,141.5,177.0,71.0,47.75
2019-07-24,138.5,178.5,71.0,47.75
2019-07-25,139.5,177.0,69.75,47.75
2019-07-26,136.0,174.5,69.5,47.25
2019-07-29,136.0,174.5,69.5,47.25
2019-07-30,134.5,172.0,68.75,47.25
2019-07-31,137.5,172.5,69.0,47.25
2019-08-01,138.0,173.0,68.75,47.25
2019-08-02,138.5,176.0,67.0,46.0
2019-08-05,134.5,172.5,66.0,45.75
2019-08-06,133.5,173.5,65.75,45.5
2019-08-07,131.5,167.5,63.75,45.0
2019-08-08,132.0,165.5,62.0,44.25
2019-08-09,130.5,165.5,63.75,44.25
2019-08-12,130.5,165.5,63.75,44.25
2019-08-13,128.5,164.0,64.25,43.0
2019-08-14,123.5,155.0,65.5,43.25
2019-08-15,120.5,155.0,64.0,42.25
2019-08-16,124.0,157.5,64.5,42.75
2019-08-19,127.0,161.0,65.25,43.25
2019-08-20,124.0,158.0,64.25,42.75
2019-08-21,123.5,155.5,65.0,43.0
2019-08-22,123.5,156.0,64.75,42.25
2019-08-23,125.0,159.5,65.5,42.5
2019-08-26,123.5,157.0,62.5,41.0
2019-08-27,122.0,154.0,61.0,40.75
2019-08-28,120.5,155.5,62.25,41.0
2019-08-29,122.0,158.0,68.0,43.25
2019-08-30,123.5,160.0,67.75,44.25
2019-09-02,122.0,160.0,66.75,43.5
2019-09-03,119.0,156.5,66.5,42.75
2019-09-04,116.5,156.0,68.25,43.5
2019-09-05,116.5,159.0,69.75,44.25
2019-09-06,116.0,158.5,69.0,44.5
2019-09-09,115.5,160.5,68.75,45.0
2019-09-10,117.0,165.5,69.75,45.5
2019-09-11,123.0,169.0,71.0,45.75
2019-09-12,123.5,169.5,70.0,45.5
2019-09-13,125.0,165.5,70.75,45.5
2019-09-16,121.5,163.0,71.0,47.0
2019-09-17,120.5,160.5,72.0,47.25
2019-09-18,120.5,164.0,70.25,45.75
2019-09-19,119.5,165.0,68.25,45.25
2019-09-20,118.5,165.0,68.5,45.5
2019-09-23,117.5,162.5,69.5,45.75
2019-09-24,119.0,162.0,70.25,46.25
2019-09-25,119.0,161.5,69.75,46.0
2019-09-26,119.5,159.5,69.25,46.0
2019-09-27,120.0,161.0,70.0,46.0
2019-09-30,118.0,156.5,69.75,46.25
2019-10-01,117.5,157.0,68.25,45.75
2019-10-02,115.0,152.0,68.0,45.75
2019-10-03,115.5,150.5,67.5,45.5
2019-10-04,114.0,148.5,67.5,45.75
2019-10-07,115.5,151.5,68.75,46.0
2019-10-08,117.0,150.5,68.75,45.75
2019-10-09,115.5,149.5,69.5,45.75
2019-10-10,114.5,148.0,69.25,44.5
2019-10-11,115.0,147.5,70.0,45.25
2019-10-14,115.0,147.5,70.0,45.25
2019-10-15,115.5,151.0,70.0,45.0
2019-10-16,117.0,153.5,68.75,45.0
2019-10-17,116.5,156.0,67.5,44.25
2019-10-18,116.5,153.0,67.5,44.5
2019-10-21,113.0,150.0,66.75,44.25
2019-10-22,114.0,149.0,67.5,44.75
2019-10-23,114.0,149.0,67.5,44.75
2019-10-24,106.5,138.0,66.75,44.75
2019-10-25,108.5,136.5,63.75,44.5
2019-10-28,110.5,136.0,63.75,44.5
2019-10-29,109.0,131.0,65.0,44.5
2019-10-30,111.5,136.0,67.5,45.5
2019-10-31,112.0,139.0,68.5,45.25
2019-11-01,112.0,139.0,68.0,45.25
2019-11-04,115.0,142.5,69.5,45.5
2019-11-05,116.5,146.0,68.5,45.75
2019-11-06,117.0,148.0,68.5,45.5
2019-11-07,119.0,151.0,72.0,46.0
2019-11-08,118.5,152.5,72.75,45.5
2019-11-11,115.5,148.0,70.25,45.25
2019-11-12,118.0,151.5,70.0,45.25
2019-11-13,118.0,149.5,69.5,45.25
2019-11-14,117.0,149.0,68.5,44.75
2019-11-15,117.5,149.0,66.5,44.75
2019-11-18,117.0,146.5,68.5,44.5
2019-11-19,116.0,149.0,68.0,43.75
2019-11-20,116.0,147.0,67.25,43.0
2019-11-21,117.0,149.5,67.0,43.25
2019-11-22,118.0,153.0,67.75,43.25
2019-11-25,120.5,156.0,69.5,43.5
2019-11-26,118.0,155.5,70.5,43.25
2019-11-27,120.5,155.5,69.5,43.5
2019-11-28,121.5,157.5,69.0,43.5
2019-11-29,121.0,155.0,69.0,43.25
2019-12-02,120.0,151.5,68.25,42.5
2019-12-03,120.0,152.0,68.5,41.75
2019-12-04,118.0,147.0,68.0,42.25
2019-12-05,118.0,147.0,68.0,42.25
2019-12-06,117.5,147.0,66.75,42.0
2019-12-09,118.0,148.0,66.75,42.25
2019-12-10,118.0,148.0,66.75,42.25
2019-12-11,117.5,142.0,64.5,42.0
2019-12-12,118.5,140.0,65.0,42.75
2019-12-13,121.0,145.5,67.5,44.0
2019-12-16,118.0,142.5,68.0,43.5
2019-12-17,120.5,145.5,67.5,43.75
2019-12-18,121.5,148.5,69.0,44.75
2019-12-19,122.5,148.5,68.25,44.25
2019-12-20,120.0,149.5,68.0,44.5
2019-12-23,119.0,149.5,70.0,44.75
2019-12-24,118.5,148.0,69.5,44.25
2019-12-25,119.5,151.0,69.5,44.25
2019-12-26,119.0,150.0,70.0,44.5
2019-12-27,119.5,150.0,69.75,44.25
2019-12-30,122.0,151.0,69.75,44.0
2019-12-31,122.0,151.0,69.75,44.0
